p_id,p_hour,ycount,gcount,hfcount,fcount,sum
1,00,0,0,0,22,22
1,01,0,0,0,3,3
1,02,0,0,0,1,1
1,03,0,0,0,2,2
1,04,0,0,0,4,4
1,05,0,0,0,2,2
1,06,0,0,0,3,3
1,07,0,0,0,3,3
1,08,0,0,0,5,5
1,09,0,0,0,2,2
1,10,1,0,0,2,3
1,11,0,0,0,3,3
1,12,0,0,0,4,4
2,00,0,0,0,0,0
2,01,0,0,0,0,0
2,02,0,0,0,0,0
2,03,0,0,0,0,0
2,04,0,0,0,0,0
2,05,0,0,0,0,0
2,06,0,0,0,0,0
2,07,0,0,0,0,0
2,08,0,0,0,0,0
2,09,0,0,0,0,0
2,10,0,0,0,0,0
2,11,0,0,0,0,0
2,12,0,0,0,0,0
3,00,0,0,0,28,28
3,01,0,0,0,14,14
3,02,0,0,0,9,9
3,03,0,0,0,21,21
3,04,0,0,0,11,11
3,05,0,2,0,24,26
3,06,0,0,0,40,40
3,07,0,1,0,60,61
3,08,0,2,0,80,82
3,09,0,0,0,66,66
3,10,2,0,0,49,51
3,11,0,3,0,40,43
3,12,0,2,0,39,41
4,00,26,0,0,102,128
4,01,22,0,0,54,76
4,02,16,0,0,31,47
4,03,7,0,0,23,30
4,04,7,0,0,38,45
4,05,12,0,0,47,59
4,06,21,0,0,93,114
4,07,30,0,0,167,197
4,08,35,0,0,218,253
4,09,36,0,0,225,261
4,10,24,0,0,139,163
4,11,15,0,0,120,135
4,12,27,0,0,106,133
5,00,0,0,0,2,2
5,01,0,0,0,0,0
5,02,0,0,0,1,1
5,03,0,0,0,2,2
5,04,0,0,0,1,1
5,05,0,0,0,2,2
5,06,0,0,0,5,5
5,07,0,0,0,7,7
5,08,0,0,0,7,7
5,09,0,0,0,6,6
5,10,0,0,0,4,4
5,11,0,0,0,9,9
5,12,0,0,0,8,8
6,00,0,0,0,4,4
6,01,0,0,0,4,4
6,02,0,0,0,1,1
6,03,0,0,0,3,3
6,04,0,0,0,2,2
6,05,0,0,0,2,2
6,06,0,0,0,3,3
6,07,0,0,0,7,7
6,08,0,0,0,13,13
6,09,0,0,0,10,10
6,10,0,0,0,7,7
6,11,0,0,0,11,11
6,12,0,0,0,10,10
7,00,16,41,0,215,272
7,01,13,26,0,119,158
7,02,8,22,0,78,108
7,03,12,14,0,75,101
7,04,15,12,0,132,159
7,05,27,7,0,128,162
7,06,34,12,0,178,224
7,07,37,17,0,310,364
7,08,22,38,0,300,360
7,09,21,46,0,275,342
7,10,16,48,0,184,248
7,11,13,50,0,183,246
7,12,9,46,0,169,224
8,00,1,0,0,0,1
8,01,0,0,0,1,1
8,02,0,0,0,1,1
8,03,0,0,0,0,0
8,04,0,0,0,0,0
8,05,0,0,0,0,0
8,06,0,0,0,2,2
8,07,0,0,0,3,3
8,08,0,0,0,6,6
8,09,0,0,0,1,1
8,10,0,0,0,0,0
8,11,0,1,0,1,2
8,12,1,0,0,1,2
9,00,0,0,0,9,9
9,01,0,0,0,6,6
9,02,0,0,0,4,4
9,03,0,0,0,3,3
9,04,0,0,0,4,4
9,05,0,0,0,13,13
9,06,0,0,0,15,15
9,07,0,0,0,28,28
9,08,0,0,0,25,25
9,09,0,1,0,20,21
9,10,0,0,0,27,27
9,11,1,0,0,19,20
9,12,0,0,0,20,20
10,00,4,0,0,34,38
10,01,0,0,0,24,24
10,02,2,0,0,24,26
10,03,0,0,0,14,14
10,04,2,0,0,26,28
10,05,0,0,0,55,55
10,06,10,3,0,74,87
10,07,5,2,0,127,134
10,08,6,2,0,119,127
10,09,2,2,0,78,82
10,10,2,0,0,78,80
10,11,4,3,0,72,79
10,12,5,1,0,44,50
11,00,0,0,0,4,4
11,01,0,0,0,9,9
11,02,0,0,0,1,1
11,03,0,0,0,7,7
11,04,0,0,0,5,5
11,05,0,0,0,8,8
11,06,0,0,0,23,23
11,07,0,2,0,40,42
11,08,0,1,0,55,56
11,09,1,0,0,38,39
11,10,0,1,0,29,30
11,11,0,1,0,23,24
11,12,1,2,0,22,25
12,00,5,0,0,5,10
12,01,3,0,0,1,4
12,02,1,0,0,0,1
12,03,0,0,0,0,0
12,04,0,0,0,0,0
12,05,1,0,0,0,1
12,06,0,0,0,2,2
12,07,0,0,0,1,1
12,08,2,0,0,1,3
12,09,5,0,0,1,6
12,10,4,0,0,5,9
12,11,6,0,0,4,10
12,12,8,0,0,10,18
13,00,56,0,0,94,150
13,01,32,0,0,53,85
13,02,10,0,0,40,50
13,03,6,0,0,20,26
13,04,11,0,0,22,33
13,05,25,0,0,33,58
13,06,76,0,0,78,154
13,07,175,0,0,193,368
13,08,246,0,0,192,438
13,09,181,0,0,146,327
13,10,96,0,0,91,187
13,11,96,0,0,97,193
13,12,162,1,0,132,295
14,00,3,0,0,54,57
14,01,0,0,0,59,59
14,02,0,0,0,33,33
14,03,0,0,0,26,26
14,04,1,0,0,38,39
14,05,1,2,0,51,54
14,06,1,2,0,110,113
14,07,2,1,0,162,165
14,08,5,6,0,225,236
14,09,2,3,0,158,163
14,10,1,6,0,93,100
14,11,0,6,0,94,100
14,12,3,7,0,89,99
15,00,0,0,0,5,5
15,01,0,0,0,1,1
15,02,0,0,0,2,2
15,03,0,0,0,2,2
15,04,0,0,0,2,2
15,05,0,0,0,7,7
15,06,0,0,0,11,11
15,07,1,0,0,23,24
15,08,1,0,0,32,33
15,09,0,0,0,21,21
15,10,0,1,0,25,26
15,11,1,1,0,21,23
15,12,0,2,0,31,33
16,00,0,0,0,39,39
16,01,0,0,0,33,33
16,02,0,0,0,29,29
16,03,0,0,0,22,22
16,04,0,0,0,22,22
16,05,0,0,0,18,18
16,06,0,0,0,20,20
16,07,1,0,0,45,46
16,08,0,1,0,72,73
16,09,0,1,0,58,59
16,10,1,3,0,49,53
16,11,0,1,0,46,47
16,12,1,1,0,43,45
17,00,9,6,0,186,201
17,01,7,3,0,114,124
17,02,4,1,0,76,81
17,03,2,1,0,49,52
17,04,4,1,0,62,67
17,05,0,4,0,75,79
17,06,0,3,0,129,132
17,07,1,9,0,208,218
17,08,2,2,0,239,243
17,09,0,7,0,240,247
17,10,2,10,0,214,226
17,11,2,14,0,193,209
17,12,1,12,0,183,196
18,00,0,2,0,61,63
18,01,0,0,0,46,46
18,02,0,0,0,32,32
18,03,0,1,0,9,10
18,04,0,0,0,22,22
18,05,0,2,0,34,36
18,06,0,0,0,72,72
18,07,0,6,0,114,120
18,08,0,2,0,166,168
18,09,0,3,0,114,117
18,10,0,4,0,101,105
18,11,0,4,0,94,98
18,12,0,3,0,81,84
19,00,0,0,0,7,7
19,01,0,0,0,4,4
19,02,0,0,0,3,3
19,03,0,0,0,2,2
19,04,0,0,0,3,3
19,05,0,0,0,8,8
19,06,0,0,0,15,15
19,07,0,0,0,23,23
19,08,1,1,0,34,36
19,09,1,1,0,27,29
19,10,0,1,0,24,25
19,11,0,2,0,16,18
19,12,0,2,0,24,26
20,00,0,0,0,43,43
20,01,0,0,0,34,34
20,02,0,1,0,17,18
20,03,0,0,0,22,22
20,04,0,1,0,15,16
20,05,0,1,0,19,20
20,06,0,0,0,37,37
20,07,0,1,0,68,69
20,08,0,1,0,83,84
20,09,1,1,0,67,69
20,10,0,0,0,54,54
20,11,0,2,0,59,61
20,12,1,1,0,70,72
21,00,0,0,0,29,29
21,01,0,0,0,17,17
21,02,0,0,0,19,19
21,03,0,0,0,11,11
21,04,0,0,0,16,16
21,05,0,0,0,20,20
21,06,1,1,0,38,40
21,07,1,0,0,83,84
21,08,0,2,0,134,136
21,09,0,6,0,74,80
21,10,0,1,0,68,69
21,11,1,0,0,46,47
21,12,0,0,0,53,53
22,00,0,0,0,32,32
22,01,0,0,0,14,14
22,02,1,0,0,14,15
22,03,0,0,0,14,14
22,04,0,0,0,13,13
22,05,1,0,0,22,23
22,06,0,1,0,42,43
22,07,0,2,0,107,109
22,08,0,2,0,126,128
22,09,1,5,0,97,103
22,10,0,2,0,72,74
22,11,0,1,0,83,84
22,12,2,5,0,93,100
23,00,0,0,0,16,16
23,01,0,0,0,4,4
23,02,0,0,0,8,8
23,03,0,0,0,0,0
23,04,0,0,0,3,3
23,05,0,0,0,6,6
23,06,0,0,0,10,10
23,07,0,0,0,25,25
23,08,0,0,0,37,37
23,09,0,0,0,27,27
23,10,0,0,0,22,22
23,11,0,0,0,29,29
23,12,0,0,0,33,33
24,00,22,0,0,28,50
24,01,17,0,0,25,42
24,02,13,0,0,10,23
24,03,9,0,0,12,21
24,04,7,1,0,30,38
24,05,15,1,0,21,37
24,06,37,0,0,47,84
24,07,73,2,0,72,147
24,08,82,6,0,67,155
24,09,58,12,0,60,130
24,10,60,6,0,68,134
24,11,56,3,0,60,119
24,12,57,7,0,42,106
25,00,23,19,0,127,169
25,01,7,14,0,71,92
25,02,2,5,0,38,45
25,03,7,4,0,24,35
25,04,8,3,0,40,51
25,05,7,3,0,58,68
25,06,21,7,0,85,113
25,07,16,7,0,114,137
25,08,19,12,0,158,189
25,09,18,14,0,158,190
25,10,6,19,0,118,143
25,11,8,18,0,144,170
25,12,13,17,0,118,148
26,00,0,2,0,54,56
26,01,0,0,0,35,35
26,02,0,0,0,18,18
26,03,0,0,0,10,10
26,04,0,0,0,8,8
26,05,0,1,0,22,23
26,06,1,1,0,44,46
26,07,1,0,0,77,78
26,08,0,2,0,138,140
26,09,1,2,0,172,175
26,10,0,3,0,125,128
26,11,0,4,0,163,167
26,12,1,5,0,155,161
27,00,0,0,0,0,0
27,01,0,0,0,0,0
27,02,0,0,0,0,0
27,03,0,0,0,0,0
27,04,0,0,0,0,0
27,05,0,0,0,0,0
27,06,0,0,0,1,1
27,07,0,0,0,0,0
27,08,0,0,0,2,2
27,09,0,0,0,0,0
27,10,0,0,0,0,0
27,11,0,0,0,1,1
27,12,0,0,0,0,0
28,00,1,0,0,23,24
28,01,0,0,0,13,13
28,02,2,0,0,10,12
28,03,0,1,0,11,12
28,04,0,0,0,19,19
28,05,0,0,0,19,19
28,06,2,0,0,41,43
28,07,1,1,0,71,73
28,08,1,3,0,86,90
28,09,0,3,0,75,78
28,10,1,3,0,52,56
28,11,2,2,0,47,51
28,12,1,1,0,40,42
29,00,0,2,0,20,22
29,01,0,0,0,14,14
29,02,0,0,0,7,7
29,03,1,0,0,5,6
29,04,0,0,0,7,7
29,05,0,0,0,11,11
29,06,0,1,0,21,22
29,07,0,2,0,38,40
29,08,1,2,0,72,75
29,09,0,1,0,66,67
29,10,1,2,0,34,37
29,11,0,2,0,51,53
29,12,0,5,0,46,51
30,00,0,0,0,1,1
30,01,0,0,0,0,0
30,02,0,0,0,0,0
30,03,0,0,0,0,0
30,04,0,0,0,0,0
30,05,0,0,0,1,1
30,06,0,0,0,0,0
30,07,0,0,0,0,0
30,08,0,0,0,1,1
30,09,0,0,0,0,0
30,10,0,0,0,0,0
30,11,0,0,0,0,0
30,12,0,0,0,1,1
31,00,0,0,0,11,11
31,01,0,0,0,4,4
31,02,0,0,0,3,3
31,03,0,0,0,2,2
31,04,0,0,0,1,1
31,05,0,0,0,7,7
31,06,0,0,0,12,12
31,07,0,0,0,10,10
31,08,0,0,0,25,25
31,09,0,1,0,9,10
31,10,0,0,0,8,8
31,11,0,0,0,10,10
31,12,1,0,0,17,18
32,00,0,0,0,30,30
32,01,0,0,0,21,21
32,02,0,0,0,10,10
32,03,0,0,0,9,9
32,04,0,0,0,11,11
32,05,0,1,0,17,18
32,06,0,2,0,45,47
32,07,1,1,0,58,60
32,08,0,2,0,75,77
32,09,0,7,0,77,84
32,10,0,5,0,55,60
32,11,0,1,0,43,44
32,12,0,0,0,47,47
33,00,11,7,0,97,115
33,01,3,4,0,51,58
33,02,2,1,0,28,31
33,03,0,0,0,17,17
33,04,1,0,0,21,22
33,05,7,2,0,41,50
33,06,34,9,0,81,124
33,07,37,34,0,104,175
33,08,37,44,0,145,226
33,09,16,44,0,139,199
33,10,14,51,0,116,181
33,11,18,49,0,131,198
33,12,11,28,0,111,150
34,00,0,0,0,19,19
34,01,0,0,0,6,6
34,02,0,1,0,20,21
34,03,0,0,0,26,26
34,04,0,0,0,3,3
34,05,0,0,0,3,3
34,06,0,0,0,3,3
34,07,0,0,0,6,6
34,08,0,0,0,10,10
34,09,0,0,0,14,14
34,10,1,1,0,19,21
34,11,0,2,0,21,23
34,12,0,0,0,30,30
35,00,0,0,0,86,86
35,01,0,0,0,45,45
35,02,0,0,0,28,28
35,03,0,0,0,29,29
35,04,0,0,0,35,35
35,05,0,3,0,60,63
35,06,0,4,0,104,108
35,07,1,1,0,185,187
35,08,0,9,0,216,225
35,09,5,10,0,198,213
35,10,1,8,0,164,173
35,11,2,6,0,143,151
35,12,1,6,0,131,138
36,00,10,6,0,263,279
36,01,3,8,0,201,212
36,02,6,8,0,180,194
36,03,0,9,0,125,134
36,04,0,4,0,121,125
36,05,0,2,0,88,90
36,06,0,1,0,120,121
36,07,0,2,0,157,159
36,08,0,0,0,174,174
36,09,1,1,0,171,173
36,10,0,0,0,191,191
36,11,1,0,0,148,149
36,12,1,3,0,156,160
37,00,5,3,0,322,330
37,01,5,4,0,213,222
37,02,4,3,0,151,158
37,03,2,2,0,109,113
37,04,4,1,0,109,114
37,05,0,1,0,131,132
37,06,1,2,0,160,163
37,07,2,4,0,244,250
37,08,2,3,0,302,307
37,09,1,4,0,284,289
37,10,2,0,0,219,221
37,11,0,3,0,231,234
37,12,1,2,0,199,202
38,00,0,0,0,11,11
38,01,0,0,0,7,7
38,02,0,0,0,4,4
38,03,0,0,0,3,3
38,04,0,1,0,16,17
38,05,0,0,0,8,8
38,06,0,0,0,26,26
38,07,0,0,0,25,25
38,08,0,0,0,33,33
38,09,2,0,0,27,29
38,10,0,2,0,24,26
38,11,0,1,0,12,13
38,12,0,1,0,21,22
39,00,1,0,0,113,114
39,01,0,0,0,75,75
39,02,0,0,0,60,60
39,03,0,0,0,53,53
39,04,0,0,0,50,50
39,05,0,1,0,117,118
39,06,0,5,0,203,208
39,07,1,8,0,313,322
39,08,0,11,0,329,340
39,09,0,17,0,296,313
39,10,1,8,0,218,227
39,11,1,4,0,196,201
39,12,3,7,0,194,204
40,00,7,5,0,37,49
40,01,4,3,0,18,25
40,02,4,3,0,11,18
40,03,0,2,0,8,10
40,04,0,0,0,14,14
40,05,2,0,0,32,34
40,06,17,3,0,37,57
40,07,27,10,0,69,106
40,08,28,16,0,98,142
40,09,14,14,0,74,102
40,10,6,4,0,57,67
40,11,5,6,0,42,53
40,12,4,3,0,49,56
41,00,37,27,0,154,218
41,01,21,15,0,83,119
41,02,21,13,0,52,86
41,03,16,16,0,56,88
41,04,10,5,0,48,63
41,05,23,6,0,57,86
41,06,54,28,0,95,177
41,07,94,54,0,197,345
41,08,97,85,0,209,391
41,09,62,84,0,198,344
41,10,45,69,0,154,268
41,11,47,61,0,141,249
41,12,47,60,0,130,237
42,00,21,21,0,197,239
42,01,12,10,0,115,137
42,02,7,3,0,73,83
42,03,4,8,0,56,68
42,04,7,6,0,70,83
42,05,9,9,0,120,138
42,06,31,10,0,157,198
42,07,57,53,0,284,394
42,08,43,75,0,309,427
42,09,32,63,0,260,355
42,10,13,47,0,215,275
42,11,12,42,0,177,231
42,12,16,37,0,170,223
43,00,28,2,0,42,72
43,01,23,2,0,23,48
43,02,9,0,0,6,15
43,03,6,0,0,7,13
43,04,9,0,0,10,19
43,05,24,2,0,30,56
43,06,75,3,0,39,117
43,07,223,10,0,95,328
43,08,175,6,0,98,279
43,09,267,11,0,91,369
43,10,301,14,0,104,419
43,11,332,18,0,105,455
43,12,309,9,0,116,434
44,00,0,0,0,2,2
44,01,0,0,0,1,1
44,02,0,0,0,2,2
44,03,0,0,0,4,4
44,04,0,0,0,1,1
44,05,0,0,0,2,2
44,06,0,0,0,3,3
44,07,0,0,0,6,6
44,08,0,0,0,6,6
44,09,0,0,0,3,3
44,10,0,0,0,3,3
44,11,0,0,0,2,2
44,12,0,0,0,0,0
45,00,29,0,0,87,116
45,01,23,0,0,45,68
45,02,11,0,0,22,33
45,03,4,0,0,11,15
45,04,7,0,0,27,34
45,05,4,0,0,21,25
45,06,1,0,0,11,12
45,07,12,0,0,45,57
45,08,14,0,0,63,77
45,09,29,0,0,68,97
45,10,29,0,0,69,98
45,11,27,0,0,59,86
45,12,38,0,0,73,111
46,00,0,0,0,2,2
46,01,0,0,0,2,2
46,02,0,0,0,0,0
46,03,0,0,0,0,0
46,04,0,0,0,1,1
46,05,0,0,0,1,1
46,06,0,0,0,4,4
46,07,0,0,0,2,2
46,08,0,0,0,2,2
46,09,0,0,0,2,2
46,10,0,0,0,1,1
46,11,0,0,0,0,0
46,12,0,0,0,5,5
47,00,0,0,0,50,50
47,01,0,0,0,26,26
47,02,0,0,0,20,20
47,03,0,0,0,12,12
47,04,0,0,0,21,21
47,05,0,0,0,27,27
47,06,0,1,0,45,46
47,07,0,2,0,93,95
47,08,0,3,0,110,113
47,09,0,2,0,91,93
47,10,1,3,0,77,81
47,11,0,3,0,62,65
47,12,0,2,0,67,69
48,00,347,0,0,431,778
48,01,240,0,0,269,509
48,02,159,0,0,187,346
48,03,123,0,0,132,255
48,04,127,0,0,151,278
48,05,221,0,0,131,352
48,06,556,0,0,190,746
48,07,564,0,0,327,891
48,08,446,0,0,429,875
48,09,395,0,0,432,827
48,10,392,0,0,352,744
48,11,342,0,0,286,628
48,12,298,0,0,232,530
49,00,11,7,0,152,170
49,01,4,4,0,84,92
49,02,2,1,0,53,56
49,03,0,0,0,34,34
49,04,2,2,0,38,42
49,05,1,3,0,72,76
49,06,1,6,0,104,111
49,07,4,13,0,163,180
49,08,4,24,0,225,253
49,09,4,17,0,259,280
49,10,3,13,0,196,212
49,11,5,21,0,168,194
49,12,3,9,0,151,163
50,00,66,0,0,85,151
50,01,64,0,0,66,130
50,02,41,0,0,60,101
50,03,38,0,0,41,79
50,04,22,0,0,50,72
50,05,33,0,0,46,79
50,06,96,0,0,86,182
50,07,175,0,0,160,335
50,08,162,0,0,245,407
50,09,138,0,0,214,352
50,10,140,0,0,166,306
50,11,135,0,0,136,271
50,12,122,0,0,128,250
51,00,0,0,0,30,30
51,01,0,0,0,32,32
51,02,0,0,0,12,12
51,03,0,0,0,9,9
51,04,0,1,0,17,18
51,05,0,0,0,27,27
51,06,0,8,0,53,61
51,07,0,4,0,77,81
51,08,0,6,0,111,117
51,09,0,9,0,80,89
51,10,0,4,0,66,70
51,11,0,1,0,74,75
51,12,1,5,0,63,69
52,00,1,2,0,23,26
52,01,0,0,0,12,12
52,02,1,1,0,6,8
52,03,1,0,0,2,3
52,04,0,1,0,4,5
52,05,11,0,0,14,25
52,06,12,3,0,26,41
52,07,25,11,0,28,64
52,08,23,14,0,56,93
52,09,13,19,0,44,76
52,10,10,10,0,24,44
52,11,7,10,0,33,50
52,12,4,11,0,26,41
53,00,0,0,0,21,21
53,01,0,0,0,15,15
53,02,0,0,0,6,6
53,03,0,0,0,4,4
53,04,0,0,0,10,10
53,05,1,0,0,14,15
53,06,0,0,0,34,34
53,07,0,0,0,41,41
53,08,0,0,0,42,42
53,09,0,0,0,36,36
53,10,0,0,0,42,42
53,11,0,1,0,27,28
53,12,0,0,0,33,33
54,00,0,0,0,10,10
54,01,0,0,0,2,2
54,02,0,0,0,4,4
54,03,0,0,0,4,4
54,04,0,0,0,0,0
54,05,0,1,0,6,7
54,06,0,0,0,8,8
54,07,0,0,0,27,27
54,08,2,2,0,28,32
54,09,0,1,0,37,38
54,10,0,3,0,16,19
54,11,0,0,0,10,10
54,12,0,0,0,25,25
55,00,0,0,0,20,20
55,01,0,1,0,20,21
55,02,0,0,0,8,8
55,03,0,1,0,11,12
55,04,0,0,0,15,15
55,05,0,2,0,20,22
55,06,0,2,0,26,28
55,07,0,5,0,60,65
55,08,0,5,0,79,84
55,09,1,3,0,81,85
55,10,1,8,0,54,63
55,11,0,4,0,58,62
55,12,0,6,0,47,53
56,00,0,0,0,37,37
56,01,0,1,0,33,34
56,02,0,0,0,15,15
56,03,0,1,0,26,27
56,04,0,0,0,25,25
56,05,0,1,0,48,49
56,06,0,1,0,75,76
56,07,1,2,0,112,115
56,08,1,7,0,115,123
56,09,0,6,0,111,117
56,10,0,5,0,72,77
56,11,1,1,0,69,71
56,12,0,4,0,58,62
57,00,0,0,0,1,1
57,01,0,0,0,0,0
57,02,1,0,0,0,1
57,03,0,0,0,1,1
57,04,0,0,0,1,1
57,05,0,0,0,5,5
57,06,0,0,0,1,1
57,07,0,0,0,4,4
57,08,0,0,0,9,9
57,09,0,0,0,4,4
57,10,0,0,0,7,7
57,11,0,0,0,6,6
57,12,0,0,0,2,2
58,00,0,0,0,0,0
58,01,0,0,0,0,0
58,02,0,0,0,0,0
58,03,0,0,0,1,1
58,04,0,0,0,3,3
58,05,0,0,0,4,4
58,06,0,0,0,4,4
58,07,0,0,0,4,4
58,08,0,0,0,13,13
58,09,0,0,0,9,9
58,10,0,1,0,6,7
58,11,0,0,0,3,3
58,12,0,1,0,4,5
59,00,0,0,0,3,3
59,01,0,0,0,1,1
59,02,0,0,0,1,1
59,03,0,0,0,0,0
59,04,0,0,0,2,2
59,05,0,0,0,1,1
59,06,0,0,0,2,2
59,07,0,0,0,2,2
59,08,0,0,0,9,9
59,09,0,0,0,3,3
59,10,0,0,0,2,2
59,11,0,1,0,2,3
59,12,0,0,0,4,4
60,00,0,0,0,27,27
60,01,0,0,0,14,14
60,02,1,0,0,16,17
60,03,0,0,0,21,21
60,04,0,0,0,9,9
60,05,0,0,0,18,18
60,06,0,0,0,36,36
60,07,0,2,0,81,83
60,08,0,1,0,93,94
60,09,1,1,0,72,74
60,10,0,2,0,53,55
60,11,0,1,0,44,45
60,12,0,1,0,41,42
61,00,6,10,0,355,371
61,01,1,6,0,191,198
61,02,3,3,0,181,187
61,03,2,0,0,112,114
61,04,2,2,0,120,124
61,05,1,2,0,186,189
61,06,1,5,0,290,296
61,07,4,9,0,443,456
61,08,5,18,0,486,509
61,09,2,17,0,417,436
61,10,2,15,0,365,382
61,11,3,17,0,314,334
61,12,2,12,0,290,304
62,00,0,1,0,77,78
62,01,0,0,0,43,43
62,02,1,1,0,29,31
62,03,0,1,0,22,23
62,04,0,1,0,50,51
62,05,1,1,0,27,29
62,06,0,2,0,65,67
62,07,2,3,0,112,117
62,08,0,9,0,118,127
62,09,1,3,0,167,171
62,10,0,8,0,104,112
62,11,2,5,0,97,104
62,12,0,4,0,112,116
63,00,0,0,0,34,34
63,01,0,0,0,24,24
63,02,0,0,0,24,24
63,03,0,0,0,12,12
63,04,0,0,0,27,27
63,05,0,0,0,36,36
63,06,1,2,0,68,71
63,07,0,0,0,103,103
63,08,0,1,0,113,114
63,09,1,1,0,100,102
63,10,0,2,0,88,90
63,11,0,1,0,65,66
63,12,0,0,0,83,83
64,00,1,0,0,5,6
64,01,0,0,0,2,2
64,02,0,0,0,4,4
64,03,0,0,0,4,4
64,04,0,0,0,2,2
64,05,0,0,0,2,2
64,06,0,0,0,19,19
64,07,0,0,0,22,22
64,08,0,1,0,21,22
64,09,0,0,0,20,20
64,10,0,0,0,18,18
64,11,0,0,0,18,18
64,12,0,0,0,18,18
65,00,20,18,0,92,130
65,01,7,5,0,76,88
65,02,2,4,0,31,37
65,03,2,1,0,11,14
65,04,2,1,0,34,37
65,05,7,2,0,53,62
65,06,18,4,0,53,75
65,07,29,9,0,97,135
65,08,28,13,0,114,155
65,09,28,20,0,160,208
65,10,18,20,0,128,166
65,11,20,27,0,149,196
65,12,20,19,0,143,182
66,00,6,13,0,85,104
66,01,3,5,0,45,53
66,02,0,2,0,21,23
66,03,0,3,0,24,27
66,04,1,1,0,7,9
66,05,0,1,0,25,26
66,06,5,15,0,39,59
66,07,15,16,0,73,104
66,08,8,31,0,112,151
66,09,7,28,0,114,149
66,10,6,19,0,86,111
66,11,4,12,0,85,101
66,12,12,13,0,100,125
67,00,0,0,0,16,16
67,01,0,0,0,9,9
67,02,0,0,0,5,5
67,03,0,0,0,5,5
67,04,0,0,0,5,5
67,05,0,0,0,15,15
67,06,1,0,0,28,29
67,07,0,0,0,65,65
67,08,0,0,0,73,73
67,09,0,0,0,58,58
67,10,0,1,0,46,47
67,11,1,2,0,40,43
67,12,0,1,0,32,33
68,00,272,0,0,302,574
68,01,188,0,0,229,417
68,02,182,0,0,196,378
68,03,189,0,0,147,336
68,04,111,0,0,123,234
68,05,76,0,0,107,183
68,06,188,0,0,135,323
68,07,262,0,0,214,476
68,08,252,0,0,316,568
68,09,308,0,0,296,604
68,10,288,0,0,258,546
68,11,271,0,0,278,549
68,12,296,0,0,256,552
69,00,1,4,0,130,135
69,01,1,2,0,60,63
69,02,1,0,0,35,36
69,03,0,0,0,28,28
69,04,1,1,0,26,28
69,05,0,0,0,45,45
69,06,1,0,0,55,56
69,07,1,5,0,160,166
69,08,0,5,0,183,188
69,09,1,9,0,155,165
69,10,0,9,0,129,138
69,11,0,5,0,113,118
69,12,0,9,0,109,118
70,00,1,0,0,83,84
70,01,0,0,0,60,60
70,02,1,1,0,39,41
70,03,0,0,0,17,17
70,04,3,1,0,25,29
70,05,4,1,0,43,48
70,06,3,2,0,55,60
70,07,3,0,0,78,81
70,08,3,2,0,116,121
70,09,5,4,0,93,102
70,10,2,0,0,76,78
70,11,4,1,0,104,109
70,12,4,0,0,73,77
71,00,0,0,0,64,64
71,01,0,0,0,53,53
71,02,0,0,0,36,36
71,03,1,0,0,24,25
71,04,0,2,0,32,34
71,05,0,1,0,65,66
71,06,1,3,0,101,105
71,07,1,1,0,141,143
71,08,0,9,0,176,185
71,09,0,6,0,153,159
71,10,0,5,0,113,118
71,11,0,5,0,91,96
71,12,1,4,0,93,98
72,00,0,0,0,83,83
72,01,1,0,0,64,65
72,02,0,0,0,47,47
72,03,0,0,0,49,49
72,04,0,0,0,53,53
72,05,0,1,0,60,61
72,06,0,1,0,138,139
72,07,0,5,0,221,226
72,08,1,8,0,216,225
72,09,1,6,0,212,219
72,10,2,7,0,158,167
72,11,1,4,0,123,128
72,12,0,4,0,137,141
73,00,0,0,0,10,10
73,01,0,0,0,12,12
73,02,0,1,0,6,7
73,03,1,0,0,6,7
73,04,0,0,0,8,8
73,05,0,0,0,16,16
73,06,0,0,0,19,19
73,07,0,0,0,27,27
73,08,0,0,0,40,40
73,09,0,0,0,31,31
73,10,0,0,0,23,23
73,11,0,1,0,28,29
73,12,0,0,0,24,24
74,00,34,27,0,122,183
74,01,24,9,0,54,87
74,02,20,10,0,54,84
74,03,9,5,0,33,47
74,04,15,3,0,42,60
74,05,29,17,0,70,116
74,06,43,58,0,141,242
74,07,94,96,0,230,420
74,08,85,126,0,237,448
74,09,50,129,0,220,399
74,10,54,97,0,174,325
74,11,47,94,0,132,273
74,12,60,56,0,160,276
75,00,45,12,0,107,164
75,01,19,9,0,72,100
75,02,19,7,0,38,64
75,03,12,2,0,32,46
75,04,21,4,0,40,65
75,05,49,16,0,79,144
75,06,89,23,0,128,240
75,07,143,63,0,235,441
75,08,181,84,0,200,465
75,09,152,89,0,193,434
75,10,101,111,0,170,382
75,11,105,81,0,169,355
75,12,175,108,0,216,499
76,00,0,0,0,173,173
76,01,0,0,0,90,90
76,02,0,0,0,68,68
76,03,1,1,0,61,63
76,04,1,0,0,69,70
76,05,2,2,0,120,124
76,06,1,4,0,210,215
76,07,3,12,0,345,360
76,08,2,9,0,346,357
76,09,3,13,0,273,289
76,10,3,9,0,220,232
76,11,2,6,0,246,254
76,12,0,2,0,260,262
77,00,0,1,0,50,51
77,01,0,0,0,20,20
77,02,0,0,0,30,30
77,03,0,0,0,20,20
77,04,0,0,0,31,31
77,05,0,0,0,24,24
77,06,1,2,0,57,60
77,07,1,3,0,111,115
77,08,0,1,0,108,109
77,09,1,4,0,77,82
77,10,3,7,0,85,95
77,11,0,2,0,78,80
77,12,0,1,0,68,69
78,00,0,1,0,54,55
78,01,1,0,0,35,36
78,02,0,0,0,23,23
78,03,1,0,0,15,16
78,04,0,0,0,28,28
78,05,0,1,0,38,39
78,06,0,1,0,55,56
78,07,1,3,0,98,102
78,08,0,3,0,122,125
78,09,0,6,0,114,120
78,10,0,4,0,97,101
78,11,0,3,0,75,78
78,12,0,4,0,88,92
79,00,536,0,0,587,1123
79,01,296,0,0,406,702
79,02,252,0,0,238,490
79,03,139,0,0,181,320
79,04,113,0,0,165,278
79,05,86,0,0,146,232
79,06,193,0,0,213,406
79,07,280,0,0,339,619
79,08,244,0,0,504,748
79,09,317,0,0,506,823
79,10,229,0,0,336,565
79,11,214,0,0,275,489
79,12,232,0,0,255,487
80,00,8,20,0,272,300
80,01,11,17,0,169,197
80,02,7,8,0,106,121
80,03,4,8,0,92,104
80,04,3,2,0,84,89
80,05,1,0,0,85,86
80,06,2,1,0,90,93
80,07,0,0,0,150,150
80,08,2,3,0,192,197
80,09,3,2,0,181,186
80,10,2,3,0,150,155
80,11,2,1,0,137,140
80,12,2,2,0,157,161
81,00,0,0,0,30,30
81,01,0,0,0,24,24
81,02,0,0,0,11,11
81,03,0,0,0,12,12
81,04,0,0,0,19,19
81,05,0,2,0,30,32
81,06,2,1,0,53,56
81,07,1,3,0,78,82
81,08,0,1,0,105,106
81,09,1,3,0,71,75
81,10,0,4,0,84,88
81,11,0,2,0,58,60
81,12,0,0,0,73,73
82,00,0,38,0,172,210
82,01,3,48,0,75,126
82,02,6,21,0,62,89
82,03,2,15,0,52,69
82,04,5,37,0,51,93
82,05,1,18,0,56,75
82,06,19,11,0,116,146
82,07,6,9,0,117,132
82,08,4,18,0,154,176
82,09,3,23,0,117,143
82,10,0,25,0,134,159
82,11,5,34,0,142,181
82,12,2,42,0,138,182
83,00,5,8,0,44,57
83,01,1,9,0,31,41
83,02,2,6,0,13,21
83,03,2,5,0,15,22
83,04,2,1,0,21,24
83,05,6,1,0,21,28
83,06,1,1,0,44,46
83,07,4,2,0,57,63
83,08,2,5,0,55,62
83,09,1,10,0,67,78
83,10,1,8,0,41,50
83,11,1,6,0,43,50
83,12,0,6,0,39,45
84,00,0,0,0,6,6
84,01,0,0,0,4,4
84,02,0,0,0,2,2
84,03,0,0,0,1,1
84,04,0,0,0,2,2
84,05,0,0,0,4,4
84,06,0,0,0,5,5
84,07,0,0,0,6,6
84,08,0,0,0,12,12
84,09,0,0,0,9,9
84,10,0,0,0,8,8
84,11,0,0,0,9,9
84,12,0,0,0,10,10
85,00,1,0,0,42,43
85,01,1,0,0,34,35
85,02,1,0,0,19,20
85,03,0,0,0,22,22
85,04,0,0,0,30,30
85,05,0,0,0,29,29
85,06,1,0,0,67,68
85,07,2,6,0,95,103
85,08,0,3,0,109,112
85,09,0,3,0,85,88
85,10,0,2,0,73,75
85,11,2,3,0,48,53
85,12,2,0,0,56,58
86,00,0,0,0,4,4
86,01,0,0,0,6,6
86,02,0,0,0,11,11
86,03,1,0,0,5,6
86,04,0,0,0,9,9
86,05,0,0,0,18,18
86,06,0,0,0,17,17
86,07,0,1,0,28,29
86,08,0,0,0,48,48
86,09,0,0,0,36,36
86,10,0,0,0,34,34
86,11,0,0,0,20,20
86,12,1,0,0,22,23
87,00,75,0,0,168,243
87,01,34,0,0,97,131
87,02,22,0,0,54,76
87,03,15,0,0,43,58
87,04,15,0,0,71,86
87,05,26,0,0,96,122
87,06,77,0,0,114,191
87,07,102,0,0,154,256
87,08,143,0,0,198,341
87,09,115,0,0,176,291
87,10,105,0,0,136,241
87,11,93,0,0,151,244
87,12,108,0,0,157,265
88,00,55,0,0,87,142
88,01,25,0,0,32,57
88,02,13,0,0,24,37
88,03,6,0,0,16,22
88,04,8,0,0,12,20
88,05,18,0,0,14,32
88,06,20,0,0,20,40
88,07,38,0,0,22,60
88,08,61,0,0,30,91
88,09,58,0,0,35,93
88,10,48,0,0,37,85
88,11,67,0,0,66,133
88,12,73,1,0,53,127
89,00,2,0,0,153,155
89,01,3,0,0,103,106
89,02,0,2,0,57,59
89,03,1,0,0,42,43
89,04,0,1,0,54,55
89,05,0,2,0,79,81
89,06,3,5,0,167,175
89,07,5,5,0,241,251
89,08,5,6,0,290,301
89,09,2,5,0,239,246
89,10,3,2,0,184,189
89,11,3,6,0,186,195
89,12,2,3,0,188,193
90,00,189,0,0,197,386
90,01,157,0,0,154,311
90,02,94,0,0,99,193
90,03,52,0,0,87,139
90,04,42,0,0,71,113
90,05,57,0,0,67,124
90,06,162,0,0,121,283
90,07,234,0,0,204,438
90,08,298,0,0,220,518
90,09,273,0,0,219,492
90,10,270,0,0,185,455
90,11,227,0,0,184,411
90,12,207,0,0,180,387
91,00,0,1,0,66,67
91,01,0,0,0,44,44
91,02,0,0,0,34,34
91,03,1,0,0,36,37
91,04,0,1,0,31,32
91,05,0,1,0,57,58
91,06,0,2,0,119,121
91,07,3,2,0,199,204
91,08,2,4,0,201,207
91,09,1,1,0,161,163
91,10,0,8,0,152,160
91,11,0,6,0,133,139
91,12,1,3,0,128,132
92,00,1,7,0,105,113
92,01,0,6,0,89,95
92,02,0,2,0,78,80
92,03,0,1,0,66,67
92,04,0,2,0,64,66
92,05,2,1,0,52,55
92,06,0,3,0,67,70
92,07,0,2,0,108,110
92,08,2,10,0,126,138
92,09,3,8,0,121,132
92,10,0,7,0,93,100
92,11,2,10,0,100,112
92,12,1,7,0,110,118
93,00,0,0,0,10,10
93,01,3,0,0,3,6
93,02,1,0,0,2,3
93,03,0,0,0,6,6
93,04,0,0,0,1,1
93,05,1,0,0,2,3
93,06,1,0,0,4,5
93,07,2,0,0,9,11
93,08,4,1,0,10,15
93,09,3,0,0,8,11
93,10,1,0,0,6,7
93,11,0,1,0,8,9
93,12,0,0,0,14,14
94,00,0,1,0,42,43
94,01,0,0,0,19,19
94,02,1,0,0,16,17
94,03,0,0,0,13,13
94,04,0,0,0,14,14
94,05,0,0,0,17,17
94,06,0,1,0,29,30
94,07,0,2,0,37,39
94,08,1,1,0,53,55
94,09,0,1,0,41,42
94,10,0,0,0,57,57
94,11,0,2,0,33,35
94,12,0,1,0,42,43
95,00,0,24,0,109,133
95,01,1,22,0,54,77
95,02,1,9,0,45,55
95,03,0,6,0,27,33
95,04,0,1,0,31,32
95,05,2,4,0,57,63
95,06,7,4,0,100,111
95,07,5,19,0,135,159
95,08,6,32,0,180,218
95,09,4,27,0,151,182
95,10,2,28,0,134,164
95,11,4,36,0,117,157
95,12,1,22,0,120,143
96,00,0,0,0,2,2
96,01,0,0,0,0,0
96,02,0,0,0,1,1
96,03,0,0,0,3,3
96,04,0,0,0,1,1
96,05,0,0,0,3,3
96,06,0,0,0,6,6
96,07,1,0,0,8,9
96,08,0,0,0,10,10
96,09,0,0,0,8,8
96,10,0,0,0,3,3
96,11,0,0,0,8,8
96,12,0,0,0,3,3
97,00,23,18,0,163,204
97,01,9,8,0,73,90
97,02,2,5,0,39,46
97,03,5,1,0,25,31
97,04,3,0,0,39,42
97,05,2,3,0,59,64
97,06,8,12,0,101,121
97,07,15,14,0,132,161
97,08,17,21,0,183,221
97,09,8,16,0,165,189
97,10,9,16,0,174,199
97,11,3,23,0,144,170
97,12,9,26,0,141,176
98,00,0,0,0,17,17
98,01,0,0,0,11,11
98,02,0,0,0,8,8
98,03,0,0,0,4,4
98,04,0,0,0,11,11
98,05,1,0,0,14,15
98,06,0,1,0,16,17
98,07,1,1,0,23,25
98,08,0,0,0,31,31
98,09,0,0,0,33,33
98,10,0,0,0,29,29
98,11,0,0,0,31,31
98,12,0,1,0,22,23
99,00,0,0,0,0,0
99,01,0,0,0,1,1
99,02,0,0,0,0,0
99,03,0,0,0,0,0
99,04,0,0,0,2,2
99,05,0,0,0,0,0
99,06,0,0,0,1,1
99,07,0,0,0,1,1
99,08,0,0,0,1,1
99,09,0,0,0,1,1
99,10,0,0,0,2,2
99,11,0,0,0,1,1
99,12,0,0,0,0,0
100,00,222,0,0,256,478
100,01,152,0,0,160,312
100,02,80,0,0,102,182
100,03,39,0,0,60,99
100,04,62,0,0,37,99
100,05,131,0,0,37,168
100,06,343,0,0,55,398
100,07,367,0,0,78,445
100,08,355,0,0,119,474
100,09,356,0,0,149,505
100,10,288,1,0,161,450
100,11,328,0,0,182,510
100,12,249,0,0,208,457
101,00,0,0,0,8,8
101,01,0,0,0,6,6
101,02,0,0,0,3,3
101,03,0,0,0,3,3
101,04,1,0,0,6,7
101,05,0,0,0,5,5
101,06,0,0,0,13,13
101,07,0,1,0,31,32
101,08,0,0,0,30,30
101,09,0,1,0,19,20
101,10,0,3,0,23,26
101,11,0,2,0,28,30
101,12,0,1,0,23,24
102,00,0,0,0,29,29
102,01,0,0,0,10,10
102,02,0,0,0,13,13
102,03,0,0,0,10,10
102,04,1,0,0,15,16
102,05,0,1,0,32,33
102,06,0,1,0,42,43
102,07,0,0,0,79,79
102,08,0,0,0,77,77
102,09,0,2,0,72,74
102,10,0,1,0,57,58
102,11,0,0,0,48,48
102,12,0,1,0,55,56
103,00,0,0,0,0,0
103,01,0,0,0,0,0
103,02,0,0,0,0,0
103,03,0,0,0,0,0
103,04,0,0,0,0,0
103,05,0,0,0,0,0
103,06,0,0,0,0,0
103,07,0,0,0,0,0
103,08,0,0,0,0,0
103,09,0,0,0,0,0
103,10,0,0,0,0,0
103,11,0,0,0,0,0
103,12,0,0,0,0,0
104,00,0,0,0,0,0
104,01,0,0,0,0,0
104,02,0,0,0,0,0
104,03,0,0,0,0,0
104,04,0,0,0,0,0
104,05,0,0,0,0,0
104,06,0,0,0,0,0
104,07,0,0,0,0,0
104,08,0,0,0,0,0
104,09,0,0,0,0,0
104,10,0,0,0,0,0
104,11,0,0,0,0,0
104,12,0,0,0,0,0
105,00,0,0,0,0,0
105,01,0,0,0,0,0
105,02,0,0,0,0,0
105,03,0,0,0,0,0
105,04,0,0,0,0,0
105,05,0,0,0,0,0
105,06,0,0,0,0,0
105,07,0,0,0,0,0
105,08,0,0,0,0,0
105,09,0,0,0,0,0
105,10,0,0,0,0,0
105,11,0,0,0,0,0
105,12,0,0,0,0,0
106,00,4,0,0,58,62
106,01,4,1,0,19,24
106,02,1,1,0,18,20
106,03,0,0,0,5,5
106,04,0,0,0,11,11
106,05,1,0,0,10,11
106,06,2,1,0,21,24
106,07,2,3,0,26,31
106,08,1,2,0,45,48
106,09,2,1,0,46,49
106,10,4,0,0,51,55
106,11,0,2,0,35,37
106,12,1,4,0,53,58
107,00,313,0,0,287,600
107,01,156,0,0,164,320
107,02,114,0,0,103,217
107,03,48,0,0,66,114
107,04,45,0,0,79,124
107,05,81,0,0,86,167
107,06,255,0,0,184,439
107,07,406,0,0,258,664
107,08,415,0,0,386,801
107,09,404,0,0,401,805
107,10,313,0,0,257,570
107,11,306,0,0,244,550
107,12,336,0,0,257,593
108,00,0,0,0,17,17
108,01,0,0,0,12,12
108,02,0,0,0,13,13
108,03,0,0,0,8,8
108,04,0,0,0,5,5
108,05,0,0,0,13,13
108,06,0,2,0,15,17
108,07,0,2,0,45,47
108,08,0,0,0,54,54
108,09,1,3,0,38,42
108,10,0,7,0,30,37
108,11,1,1,0,41,43
108,12,0,3,0,32,35
109,00,0,0,0,5,5
109,01,0,0,0,3,3
109,02,0,0,0,1,1
109,03,0,0,0,2,2
109,04,0,0,0,5,5
109,05,0,0,0,3,3
109,06,0,0,0,8,8
109,07,0,0,0,7,7
109,08,0,0,0,19,19
109,09,0,0,0,13,13
109,10,0,0,0,6,6
109,11,0,0,0,9,9
109,12,0,0,0,16,16
110,00,0,0,0,0,0
110,01,0,0,0,0,0
110,02,0,0,0,0,0
110,03,0,0,0,0,0
110,04,0,0,0,0,0
110,05,0,0,0,0,0
110,06,0,0,0,0,0
110,07,0,0,0,0,0
110,08,0,0,0,0,0
110,09,0,0,0,0,0
110,10,0,0,0,0,0
110,11,0,0,0,0,0
110,12,0,0,0,0,0
111,00,0,1,0,1,2
111,01,0,0,0,1,1
111,02,0,0,0,0,0
111,03,0,0,0,0,0
111,04,0,0,0,1,1
111,05,0,0,0,0,0
111,06,0,0,0,1,1
111,07,0,0,0,1,1
111,08,0,0,0,3,3
111,09,0,0,0,5,5
111,10,0,0,0,4,4
111,11,0,0,0,0,0
111,12,0,0,0,0,0
112,00,10,21,0,217,248
112,01,8,13,0,119,140
112,02,8,11,0,74,93
112,03,5,7,0,62,74
112,04,0,6,0,69,75
112,05,1,3,0,78,82
112,06,0,5,0,136,141
112,07,1,2,0,199,202
112,08,0,1,0,297,298
112,09,1,3,0,280,284
112,10,0,8,0,181,189
112,11,0,4,0,173,177
112,12,3,3,0,152,158
113,00,156,0,0,225,381
113,01,51,0,0,118,169
113,02,56,0,0,87,143
113,03,19,0,0,53,72
113,04,22,0,0,63,85
113,05,36,0,0,64,100
113,06,113,0,0,87,200
113,07,247,1,0,159,407
113,08,282,0,0,204,486
113,09,273,0,0,211,484
113,10,206,0,0,169,375
113,11,193,0,0,159,352
113,12,237,0,0,218,455
114,00,332,0,0,305,637
114,01,205,0,0,200,405
114,02,145,0,0,157,302
114,03,64,0,0,75,139
114,04,41,0,0,58,99
114,05,23,0,0,47,70
114,06,39,0,0,59,98
114,07,75,0,0,82,157
114,08,99,0,0,131,230
114,09,111,0,0,125,236
114,10,88,0,0,115,203
114,11,104,0,0,126,230
114,12,109,0,0,114,223
115,00,0,0,0,8,8
115,01,0,0,0,4,4
115,02,0,0,0,6,6
115,03,0,0,0,0,0
115,04,0,0,0,2,2
115,05,0,0,0,7,7
115,06,0,0,0,14,14
115,07,0,0,0,22,22
115,08,0,0,0,32,32
115,09,0,0,0,26,26
115,10,0,0,0,18,18
115,11,0,0,0,10,10
115,12,0,0,0,35,35
116,00,22,10,0,93,125
116,01,6,3,0,77,86
116,02,6,5,0,45,56
116,03,4,8,0,39,51
116,04,2,3,0,51,56
116,05,11,8,0,54,73
116,06,25,17,0,81,123
116,07,41,36,0,151,228
116,08,46,39,0,156,241
116,09,19,24,0,154,197
116,10,8,24,0,127,159
116,11,12,18,0,101,131
116,12,12,29,0,87,128
117,00,0,0,0,11,11
117,01,0,0,0,4,4
117,02,0,0,0,6,6
117,03,0,0,0,7,7
117,04,0,0,0,11,11
117,05,0,0,0,14,14
117,06,0,0,0,15,15
117,07,0,0,0,23,23
117,08,0,0,0,41,41
117,09,0,0,0,26,26
117,10,0,1,0,15,16
117,11,0,1,0,24,25
117,12,0,0,0,27,27
118,00,0,0,0,3,3
118,01,0,0,0,3,3
118,02,0,0,0,0,0
118,03,0,0,0,2,2
118,04,0,0,0,3,3
118,05,0,0,0,9,9
118,06,0,0,0,9,9
118,07,0,0,0,14,14
118,08,0,0,0,18,18
118,09,0,0,0,13,13
118,10,0,0,0,8,8
118,11,0,0,0,27,27
118,12,0,0,0,22,22
119,00,1,6,0,103,110
119,01,0,0,0,32,32
119,02,0,0,0,12,12
119,03,0,0,0,17,17
119,04,0,0,0,34,34
119,05,0,1,0,26,27
119,06,1,2,0,64,67
119,07,0,2,0,119,121
119,08,3,1,0,130,134
119,09,1,4,0,111,116
119,10,0,2,0,79,81
119,11,0,0,0,54,54
119,12,0,0,0,48,48
120,00,0,0,0,5,5
120,01,0,0,0,9,9
120,02,0,0,0,1,1
120,03,0,0,0,1,1
120,04,0,0,0,5,5
120,05,0,0,0,5,5
120,06,0,0,0,9,9
120,07,0,0,0,16,16
120,08,0,1,0,11,12
120,09,0,0,0,18,18
120,10,0,0,0,11,11
120,11,0,0,0,10,10
120,12,0,0,0,10,10
121,00,0,0,0,24,24
121,01,0,0,0,9,9
121,02,0,0,0,12,12
121,03,0,0,0,12,12
121,04,0,0,0,7,7
121,05,0,0,0,18,18
121,06,1,1,0,43,45
121,07,0,0,0,54,54
121,08,1,0,0,66,67
121,09,0,3,0,52,55
121,10,0,0,0,48,48
121,11,0,6,0,47,53
121,12,0,2,0,64,66
122,00,0,0,0,6,6
122,01,0,0,0,3,3
122,02,0,0,0,5,5
122,03,0,0,0,10,10
122,04,0,0,0,4,4
122,05,0,0,0,17,17
122,06,1,0,0,27,28
122,07,0,1,0,39,40
122,08,0,1,0,38,39
122,09,0,1,0,27,28
122,10,0,0,0,28,28
122,11,0,0,0,25,25
122,12,0,0,0,25,25
123,00,0,0,0,49,49
123,01,0,0,0,28,28
123,02,0,0,0,10,10
123,03,0,0,0,6,6
123,04,0,0,0,5,5
123,05,0,0,0,14,14
123,06,0,0,0,28,28
123,07,0,0,0,82,82
123,08,1,4,0,124,129
123,09,0,5,0,130,135
123,10,1,3,0,80,84
123,11,0,5,0,77,82
123,12,2,5,0,74,81
124,00,1,0,0,12,13
124,01,0,0,0,6,6
124,02,0,0,0,6,6
124,03,0,0,0,4,4
124,04,0,0,0,10,10
124,05,0,1,0,12,13
124,06,1,1,0,25,27
124,07,1,0,0,41,42
124,08,1,1,0,51,53
124,09,0,0,0,27,27
124,10,1,0,0,27,28
124,11,1,2,0,26,29
124,12,0,2,0,22,24
125,00,61,0,0,75,136
125,01,62,0,0,44,106
125,02,48,0,0,25,73
125,03,40,0,0,23,63
125,04,19,0,0,17,36
125,05,16,0,0,29,45
125,06,41,0,0,28,69
125,07,58,0,0,60,118
125,08,78,0,0,94,172
125,09,68,0,0,92,160
125,10,63,0,0,98,161
125,11,116,0,0,138,254
125,12,93,0,0,124,217
126,00,1,0,0,50,51
126,01,0,0,0,26,26
126,02,0,1,0,16,17
126,03,0,0,0,17,17
126,04,0,0,0,22,22
126,05,0,2,0,23,25
126,06,2,0,0,47,49
126,07,0,1,0,61,62
126,08,0,0,0,66,66
126,09,1,4,0,63,68
126,10,0,2,0,71,73
126,11,0,2,0,64,66
126,12,1,1,0,74,76
127,00,5,2,0,89,96
127,01,0,1,0,63,64
127,02,1,4,0,35,40
127,03,2,1,0,37,40
127,04,0,2,0,24,26
127,05,0,3,0,34,37
127,06,2,4,0,45,51
127,07,3,3,0,60,66
127,08,1,3,0,108,112
127,09,2,4,0,88,94
127,10,3,6,0,57,66
127,11,0,3,0,66,69
127,12,3,7,0,53,63
128,00,0,1,0,98,99
128,01,0,0,0,5,5
128,02,1,0,0,4,5
128,03,0,0,0,1,1
128,04,0,0,0,0,0
128,05,0,0,0,1,1
128,06,0,0,0,4,4
128,07,0,0,0,4,4
128,08,0,0,0,7,7
128,09,0,0,0,7,7
128,10,0,0,0,6,6
128,11,0,0,0,3,3
128,12,0,0,0,5,5
129,00,5,35,0,155,195
129,01,6,33,0,95,134
129,02,3,18,0,92,113
129,03,10,29,0,61,100
129,04,8,15,0,96,119
129,05,8,8,0,88,104
129,06,18,6,0,140,164
129,07,12,17,0,255,284
129,08,9,13,0,247,269
129,09,8,24,0,208,240
129,10,5,31,0,214,250
129,11,5,24,0,160,189
129,12,7,18,0,144,169
130,00,0,20,0,121,141
130,01,1,9,0,94,104
130,02,2,3,0,70,75
130,03,2,3,0,36,41
130,04,0,1,0,26,27
130,05,3,1,0,47,51
130,06,4,6,0,61,71
130,07,2,8,0,81,91
130,08,1,20,0,114,135
130,09,1,16,0,137,154
130,10,2,15,0,105,122
130,11,1,14,0,104,119
130,12,1,9,0,110,120
131,00,0,0,0,32,32
131,01,0,0,0,20,20
131,02,0,0,0,9,9
131,03,0,0,0,10,10
131,04,0,0,0,3,3
131,05,0,0,0,14,14
131,06,0,0,0,29,29
131,07,0,1,0,36,37
131,08,0,1,0,54,55
131,09,0,1,0,46,47
131,10,0,3,0,35,38
131,11,1,1,0,43,45
131,12,0,3,0,53,56
132,00,521,0,0,934,1455
132,01,388,0,0,1021,1409
132,02,307,0,0,583,890
132,03,23,0,0,64,87
132,04,18,0,0,63,81
132,05,118,0,0,202,320
132,06,324,0,0,481,805
132,07,258,0,0,393,651
132,08,242,0,0,268,510
132,09,197,0,0,261,458
132,10,250,0,0,372,622
132,11,196,0,0,253,449
132,12,274,0,0,291,565
133,00,0,1,0,38,39
133,01,1,0,0,23,24
133,02,0,0,0,15,15
133,03,0,0,0,7,7
133,04,0,0,0,10,10
133,05,0,0,0,17,17
133,06,1,1,0,47,49
133,07,1,0,0,66,67
133,08,0,0,0,82,82
133,09,0,1,0,71,72
133,10,1,1,0,61,63
133,11,0,3,0,42,45
133,12,0,2,0,47,49
134,00,1,12,0,29,42
134,01,1,2,0,20,23
134,02,0,2,0,8,10
134,03,0,0,0,9,9
134,04,0,1,0,23,24
134,05,0,2,0,27,29
134,06,3,1,0,40,44
134,07,0,5,0,51,56
134,08,1,4,0,62,67
134,09,1,13,0,73,87
134,10,0,17,0,65,82
134,11,1,15,0,56,72
134,12,0,5,0,53,58
135,00,0,0,0,13,13
135,01,0,0,0,12,12
135,02,1,0,0,4,5
135,03,0,1,0,8,9
135,04,0,0,0,12,12
135,05,2,0,0,17,19
135,06,1,0,0,28,29
135,07,1,1,0,53,55
135,08,1,6,0,74,81
135,09,0,4,0,68,72
135,10,1,2,0,51,54
135,11,1,1,0,53,55
135,12,0,2,0,55,57
136,00,1,0,0,60,61
136,01,1,2,0,28,31
136,02,0,0,0,14,14
136,03,1,0,0,5,6
136,04,0,1,0,9,10
136,05,0,2,0,20,22
136,06,0,1,0,34,35
136,07,0,1,0,82,83
136,08,0,2,0,85,87
136,09,1,3,0,73,77
136,10,0,2,0,57,59
136,11,0,2,0,63,65
136,12,1,5,0,46,52
137,00,137,0,0,188,325
137,01,69,0,0,86,155
137,02,45,0,0,51,96
137,03,38,0,0,41,79
137,04,27,0,0,49,76
137,05,39,0,0,67,106
137,06,124,0,0,149,273
137,07,241,0,0,263,504
137,08,289,1,0,337,627
137,09,205,0,0,311,516
137,10,168,0,0,210,378
137,11,159,0,0,148,307
137,12,162,0,0,152,314
138,00,446,1,0,920,1367
138,01,553,0,0,1185,1738
138,02,343,0,0,422,765
138,03,5,0,0,19,24
138,04,2,0,0,11,13
138,05,8,0,0,9,17
138,06,13,0,0,16,29
138,07,249,0,0,163,412
138,08,349,0,0,334,683
138,09,450,1,0,466,917
138,10,445,0,0,579,1024
138,11,582,0,0,530,1112
138,12,607,0,0,515,1122
139,00,0,0,0,17,17
139,01,0,0,0,15,15
139,02,0,0,0,11,11
139,03,0,0,0,12,12
139,04,0,0,0,15,15
139,05,1,1,0,29,31
139,06,1,0,0,28,29
139,07,0,0,0,50,50
139,08,1,1,0,52,54
139,09,0,1,0,42,43
139,10,0,3,0,43,46
139,11,0,1,0,38,39
139,12,0,0,0,32,32
140,00,62,0,0,79,141
140,01,42,0,0,39,81
140,02,23,0,0,27,50
140,03,19,0,0,21,40
140,04,27,0,0,34,61
140,05,50,0,0,70,120
140,06,150,0,0,129,279
140,07,308,0,0,308,616
140,08,453,0,0,353,806
140,09,406,0,0,304,710
140,10,315,0,0,202,517
140,11,325,0,0,187,512
140,12,391,0,0,202,593
141,00,128,0,0,113,241
141,01,82,0,0,46,128
141,02,60,0,0,37,97
141,03,59,0,0,42,101
141,04,70,0,0,74,144
141,05,72,0,0,76,148
141,06,223,0,0,169,392
141,07,481,1,0,389,871
141,08,467,0,0,444,911
141,09,438,0,0,330,768
141,10,371,0,0,208,579
141,11,340,0,0,193,533
141,12,359,0,0,158,517
142,00,203,0,0,168,371
142,01,85,0,0,72,157
142,02,35,0,0,53,88
142,03,22,0,0,32,54
142,04,21,0,0,35,56
142,05,63,0,0,57,120
142,06,165,0,0,97,262
142,07,399,0,0,232,631
142,08,468,0,0,277,745
142,09,424,0,0,275,699
142,10,389,0,0,218,607
142,11,498,0,0,221,719
142,12,457,0,0,203,660
143,00,28,0,0,56,84
143,01,21,0,0,34,55
143,02,9,0,0,23,32
143,03,7,0,0,16,23
143,04,9,0,0,23,32
143,05,33,0,0,52,85
143,06,122,0,0,123,245
143,07,278,0,0,285,563
143,08,291,0,0,366,657
143,09,254,0,0,327,581
143,10,236,0,0,224,460
143,11,252,0,0,166,418
143,12,233,0,0,184,417
144,00,193,0,0,281,474
144,01,149,0,0,136,285
144,02,99,0,0,125,224
144,03,76,0,0,68,144
144,04,28,0,0,49,77
144,05,14,0,0,37,51
144,06,18,0,0,89,107
144,07,48,0,0,114,162
144,08,74,0,0,113,187
144,09,85,0,0,182,267
144,10,83,0,0,169,252
144,11,83,0,0,138,221
144,12,113,0,0,185,298
145,00,27,7,0,165,199
145,01,8,3,0,66,77
145,02,8,2,0,35,45
145,03,4,1,0,27,32
145,04,3,2,0,68,73
145,05,5,8,0,71,84
145,06,3,14,0,101,118
145,07,5,23,0,133,161
145,08,7,35,0,155,197
145,09,3,38,0,141,182
145,10,7,20,0,120,147
145,11,7,15,0,128,150
145,12,5,14,0,107,126
146,00,18,6,0,60,84
146,01,3,2,0,19,24
146,02,6,1,0,15,22
146,03,5,2,0,15,22
146,04,5,0,0,42,47
146,05,13,0,0,43,56
146,06,6,2,0,50,58
146,07,10,3,0,53,66
146,08,11,3,0,72,86
146,09,16,5,0,53,74
146,10,14,8,0,58,80
146,11,11,6,0,59,76
146,12,14,2,0,72,88
147,00,0,1,0,36,37
147,01,1,1,0,12,14
147,02,0,0,0,14,14
147,03,0,0,0,11,11
147,04,0,0,0,8,8
147,05,0,1,0,30,31
147,06,0,0,0,37,37
147,07,1,2,0,75,78
147,08,0,2,0,81,83
147,09,2,1,0,70,73
147,10,0,1,0,53,54
147,11,0,1,0,45,46
147,12,0,5,0,46,51
148,00,395,0,0,628,1023
148,01,372,0,0,476,848
148,02,253,0,0,327,580
148,03,135,0,0,220,355
148,04,91,0,0,125,216
148,05,38,0,0,91,129
148,06,53,0,0,119,172
148,07,54,0,0,133,187
148,08,70,0,0,186,256
148,09,89,0,0,252,341
148,10,75,0,0,209,284
148,11,74,0,0,164,238
148,12,61,0,0,152,213
149,00,0,0,0,25,25
149,01,0,0,0,20,20
149,02,0,0,0,13,13
149,03,0,0,0,9,9
149,04,0,0,0,8,8
149,05,0,1,0,9,10
149,06,0,1,0,20,21
149,07,1,0,0,61,62
149,08,0,0,0,85,85
149,09,0,3,0,103,106
149,10,0,2,0,77,79
149,11,0,3,0,55,58
149,12,0,3,0,65,68
150,00,0,1,0,22,23
150,01,0,0,0,17,17
150,02,0,0,0,11,11
150,03,0,0,0,5,5
150,04,0,0,0,2,2
150,05,1,0,0,7,8
150,06,1,0,0,12,13
150,07,0,0,0,27,27
150,08,0,0,0,55,55
150,09,0,2,0,46,48
150,10,0,0,0,25,25
150,11,0,0,0,29,29
150,12,1,0,0,33,34
151,00,30,0,0,71,101
151,01,27,0,0,25,52
151,02,12,0,0,30,42
151,03,6,0,0,16,22
151,04,8,0,0,29,37
151,05,35,0,0,39,74
151,06,90,0,0,78,168
151,07,199,0,0,164,363
151,08,173,0,0,178,351
151,09,181,0,0,138,319
151,10,205,0,0,139,344
151,11,149,0,0,90,239
151,12,159,0,0,78,237
152,00,13,4,0,69,86
152,01,8,2,0,29,39
152,02,3,1,0,26,30
152,03,0,1,0,19,20
152,04,3,5,0,21,29
152,05,8,1,0,35,44
152,06,15,9,0,38,62
152,07,27,10,0,64,101
152,08,16,15,0,89,120
152,09,7,17,0,70,94
152,10,14,18,0,70,102
152,11,16,16,0,70,102
152,12,12,7,0,56,75
153,00,0,0,0,10,10
153,01,0,0,0,8,8
153,02,0,0,0,2,2
153,03,0,0,0,1,1
153,04,0,0,0,5,5
153,05,0,1,0,1,2
153,06,0,0,0,6,6
153,07,1,0,0,9,10
153,08,0,0,0,23,23
153,09,0,2,0,25,27
153,10,0,0,0,20,20
153,11,0,0,0,14,14
153,12,0,1,0,10,11
154,00,0,0,0,2,2
154,01,0,0,0,0,0
154,02,0,0,0,1,1
154,03,0,0,0,0,0
154,04,0,0,0,0,0
154,05,0,0,0,0,0
154,06,0,0,0,1,1
154,07,0,0,0,1,1
154,08,0,0,0,1,1
154,09,0,0,0,2,2
154,10,0,0,0,3,3
154,11,0,0,0,2,2
154,12,0,0,0,4,4
155,00,0,0,0,29,29
155,01,0,0,0,15,15
155,02,0,0,0,16,16
155,03,0,0,0,12,12
155,04,0,1,0,20,21
155,05,0,1,0,27,28
155,06,0,2,0,54,56
155,07,0,1,0,90,91
155,08,1,3,0,106,110
155,09,0,3,0,80,83
155,10,0,3,0,75,78
155,11,1,3,0,71,75
155,12,2,4,0,78,84
156,00,0,0,0,11,11
156,01,0,0,0,8,8
156,02,0,0,0,1,1
156,03,0,0,0,2,2
156,04,0,0,0,7,7
156,05,0,0,0,7,7
156,06,0,0,0,15,15
156,07,0,0,0,16,16
156,08,0,0,0,20,20
156,09,0,0,0,18,18
156,10,0,1,0,22,23
156,11,0,0,0,15,15
156,12,0,0,0,15,15
157,00,2,1,0,34,37
157,01,0,0,0,18,18
157,02,0,0,0,18,18
157,03,0,0,0,14,14
157,04,0,0,0,27,27
157,05,1,0,0,20,21
157,06,2,0,0,61,63
157,07,0,0,0,111,111
157,08,0,0,0,108,108
157,09,0,2,0,88,90
157,10,3,2,0,70,75
157,11,0,2,0,66,68
157,12,1,0,0,76,77
158,00,194,0,0,236,430
158,01,131,0,0,125,256
158,02,107,0,0,126,233
158,03,62,0,0,56,118
158,04,23,0,0,27,50
158,05,26,0,0,43,69
158,06,55,0,0,66,121
158,07,110,0,0,146,256
158,08,167,0,0,209,376
158,09,137,0,0,199,336
158,10,109,0,0,138,247
158,11,99,0,0,123,222
158,12,99,0,0,145,244
159,00,0,1,0,57,58
159,01,1,1,0,34,36
159,02,0,0,0,13,13
159,03,0,0,0,11,11
159,04,0,0,0,22,22
159,05,2,0,0,32,34
159,06,1,1,0,54,56
159,07,0,2,0,119,121
159,08,0,6,0,134,140
159,09,1,4,0,106,111
159,10,5,9,0,84,98
159,11,1,8,0,104,113
159,12,0,3,0,90,93
160,00,0,0,0,22,22
160,01,0,0,0,12,12
160,02,0,0,0,9,9
160,03,0,0,0,8,8
160,04,0,0,0,8,8
160,05,1,0,0,18,19
160,06,0,0,0,41,41
160,07,0,0,0,79,79
160,08,0,1,0,68,69
160,09,0,2,0,73,75
160,10,0,0,0,63,63
160,11,0,1,0,42,43
160,12,0,3,0,39,42
161,00,401,0,0,453,854
161,01,185,0,0,202,387
161,02,129,0,0,151,280
161,03,47,0,0,81,128
161,04,46,0,0,58,104
161,05,67,0,0,69,136
161,06,140,0,0,63,203
161,07,285,0,0,92,377
161,08,357,0,0,147,504
161,09,452,0,0,207,659
161,10,579,0,0,301,880
161,11,683,0,0,360,1043
161,12,790,0,0,405,1195
162,00,268,0,0,240,508
162,01,134,0,0,144,278
162,02,79,1,0,87,167
162,03,65,0,0,49,114
162,04,63,0,0,56,119
162,05,103,0,0,58,161
162,06,272,0,0,79,351
162,07,454,0,0,120,574
162,08,566,0,0,183,749
162,09,555,0,0,190,745
162,10,513,0,0,165,678
162,11,539,0,0,223,762
162,12,614,0,0,257,871
163,00,284,0,0,218,502
163,01,157,0,0,133,290
163,02,72,0,0,81,153
163,03,57,0,0,55,112
163,04,55,0,0,48,103
163,05,58,0,0,51,109
163,06,105,0,0,62,167
163,07,210,0,0,106,316
163,08,305,0,0,135,440
163,09,296,0,0,164,460
163,10,420,0,0,176,596
163,11,467,0,0,214,681
163,12,449,0,0,220,669
164,00,331,0,0,340,671
164,01,181,0,0,237,418
164,02,140,0,0,139,279
164,03,76,0,0,92,168
164,04,78,0,0,89,167
164,05,72,0,0,72,144
164,06,112,0,0,106,218
164,07,220,0,0,138,358
164,08,305,0,0,214,519
164,09,322,0,0,247,569
164,10,325,0,0,216,541
164,11,341,0,0,246,587
164,12,370,0,0,253,623
165,00,0,0,0,39,39
165,01,0,0,0,22,22
165,02,0,0,0,8,8
165,03,0,0,0,10,10
165,04,0,0,0,14,14
165,05,0,0,0,17,17
165,06,0,0,0,52,52
165,07,1,1,0,99,101
165,08,1,7,0,161,169
165,09,0,6,0,113,119
165,10,0,4,0,88,92
165,11,1,2,0,87,90
165,12,0,4,0,113,117
166,00,47,14,0,130,191
166,01,42,6,0,69,117
166,02,23,5,0,67,95
166,03,20,0,0,53,73
166,04,10,4,0,46,60
166,05,20,3,0,39,62
166,06,28,14,0,79,121
166,07,104,30,0,134,268
166,08,112,65,0,178,355
166,09,102,63,0,206,371
166,10,110,63,0,205,378
166,11,105,76,0,224,405
166,12,106,80,0,253,439
167,00,0,0,0,58,58
167,01,0,0,0,33,33
167,02,0,0,0,12,12
167,03,0,1,0,18,19
167,04,0,0,0,20,20
167,05,0,2,0,40,42
167,06,0,0,0,81,81
167,07,0,6,0,120,126
167,08,0,4,0,144,148
167,09,1,7,0,111,119
167,10,0,3,0,115,118
167,11,1,2,0,92,95
167,12,2,3,0,74,79
168,00,4,2,0,98,104
168,01,1,2,0,49,52
168,02,1,0,0,35,36
168,03,0,0,0,22,22
168,04,2,0,0,44,46
168,05,1,0,0,47,48
168,06,2,2,0,66,70
168,07,6,4,0,157,167
168,08,2,1,0,160,163
168,09,2,8,0,134,144
168,10,1,6,0,127,134
168,11,0,2,0,95,97
168,12,1,4,0,107,112
169,00,0,0,0,95,95
169,01,0,2,0,61,63
169,02,0,0,0,42,42
169,03,1,0,0,32,33
169,04,0,0,0,20,20
169,05,0,0,0,41,41
169,06,0,2,0,67,69
169,07,1,2,0,112,115
169,08,1,5,0,167,173
169,09,0,2,0,142,144
169,10,0,2,0,110,112
169,11,0,3,0,92,95
169,12,1,0,0,75,76
170,00,277,0,0,285,562
170,01,141,0,0,145,286
170,02,62,0,0,92,154
170,03,41,0,0,45,86
170,04,52,0,0,66,118
170,05,106,0,0,70,176
170,06,240,0,0,142,382
170,07,471,1,0,219,691
170,08,575,0,0,348,923
170,09,598,0,0,329,927
170,10,542,0,0,277,819
170,11,469,0,0,256,725
170,12,515,0,0,254,769
171,00,0,0,0,38,38
171,01,0,0,0,29,29
171,02,0,0,0,42,42
171,03,0,0,0,20,20
171,04,0,0,0,15,15
171,05,0,0,0,16,16
171,06,0,0,0,24,24
171,07,1,1,0,48,50
171,08,1,1,0,66,68
171,09,0,0,0,66,66
171,10,0,1,0,46,47
171,11,0,0,0,20,20
171,12,1,1,0,31,33
172,00,0,0,0,2,2
172,01,0,0,0,3,3
172,02,0,0,0,4,4
172,03,0,0,0,1,1
172,04,0,0,0,3,3
172,05,0,0,0,1,1
172,06,0,0,0,6,6
172,07,0,0,0,9,9
172,08,0,0,0,10,10
172,09,0,0,0,11,11
172,10,0,0,0,9,9
172,11,0,0,0,7,7
172,12,0,0,0,13,13
173,00,0,4,0,33,37
173,01,1,2,0,21,24
173,02,0,1,0,20,21
173,03,0,1,0,27,28
173,04,0,0,0,32,32
173,05,0,0,0,32,32
173,06,0,0,0,40,40
173,07,0,0,0,60,60
173,08,0,2,0,68,70
173,09,0,2,0,66,68
173,10,0,1,0,60,61
173,11,0,2,0,42,44
173,12,0,1,0,58,59
174,00,0,1,0,54,55
174,01,0,0,0,32,32
174,02,0,0,0,23,23
174,03,0,0,0,16,16
174,04,0,0,0,19,19
174,05,0,2,0,38,40
174,06,0,0,0,45,45
174,07,2,3,0,97,102
174,08,1,6,0,134,141
174,09,0,2,0,102,104
174,10,0,7,0,88,95
174,11,0,4,0,90,94
174,12,0,7,0,87,94
175,00,0,0,0,4,4
175,01,0,0,0,4,4
175,02,0,0,0,2,2
175,03,0,0,0,5,5
175,04,0,0,0,3,3
175,05,1,0,0,10,11
175,06,0,2,0,16,18
175,07,1,0,0,30,31
175,08,1,0,0,37,38
175,09,1,0,0,26,27
175,10,0,4,0,37,41
175,11,0,0,0,26,26
175,12,0,0,0,31,31
176,00,0,0,0,2,2
176,01,0,0,0,3,3
176,02,0,0,0,4,4
176,03,0,0,0,3,3
176,04,0,0,0,2,2
176,05,0,0,0,2,2
176,06,0,0,0,1,1
176,07,0,0,0,7,7
176,08,0,0,0,12,12
176,09,0,0,0,4,4
176,10,0,0,0,8,8
176,11,0,0,0,2,2
176,12,0,0,0,5,5
177,00,1,0,0,79,80
177,01,0,0,0,48,48
177,02,0,0,0,43,43
177,03,0,0,0,43,43
177,04,1,0,0,32,33
177,05,0,0,0,44,44
177,06,0,3,0,89,92
177,07,0,7,0,167,174
177,08,3,6,0,166,175
177,09,1,4,0,102,107
177,10,0,5,0,93,98
177,11,1,4,0,77,82
177,12,0,2,0,100,102
178,00,0,0,0,16,16
178,01,0,0,0,9,9
178,02,0,1,0,2,3
178,03,0,0,0,2,2
178,04,0,0,0,4,4
178,05,0,0,0,9,9
178,06,0,1,0,19,20
178,07,0,0,0,44,44
178,08,0,2,0,63,65
178,09,0,2,0,51,53
178,10,0,1,0,37,38
178,11,2,0,0,29,31
178,12,0,2,0,31,33
179,00,7,7,0,34,48
179,01,5,5,0,32,42
179,02,4,5,0,18,27
179,03,3,2,0,18,23
179,04,7,1,0,32,40
179,05,5,3,0,57,65
179,06,9,3,0,69,81
179,07,20,3,0,107,130
179,08,24,10,0,137,171
179,09,11,9,0,125,145
179,10,9,10,0,88,107
179,11,4,8,0,83,95
179,12,5,2,0,66,73
180,00,0,0,0,17,17
180,01,0,0,0,12,12
180,02,0,0,0,6,6
180,03,0,0,0,11,11
180,04,0,1,0,10,11
180,05,0,0,0,13,13
180,06,0,0,0,31,31
180,07,3,2,0,50,55
180,08,0,1,0,51,52
180,09,0,0,0,31,31
180,10,0,1,0,32,33
180,11,0,0,0,30,30
180,12,0,1,0,27,28
181,00,18,18,0,186,222
181,01,10,9,0,102,121
181,02,1,9,0,59,69
181,03,2,1,0,35,38
181,04,3,1,0,59,63
181,05,3,2,0,84,89
181,06,7,8,0,162,177
181,07,8,12,0,232,252
181,08,13,27,0,330,370
181,09,7,25,0,292,324
181,10,9,16,0,245,270
181,11,4,23,0,225,252
181,12,12,10,0,234,256
182,00,0,0,0,23,23
182,01,0,2,0,15,17
182,02,0,0,0,15,15
182,03,0,1,0,16,17
182,04,0,0,0,13,13
182,05,0,0,0,35,35
182,06,0,5,0,40,45
182,07,1,3,0,95,99
182,08,1,10,0,90,101
182,09,1,8,0,58,67
182,10,0,2,0,68,70
182,11,1,1,0,55,57
182,12,1,4,0,29,34
183,00,0,0,0,13,13
183,01,1,0,0,10,11
183,02,0,0,0,4,4
183,03,0,0,0,4,4
183,04,0,0,0,8,8
183,05,0,0,0,12,12
183,06,0,0,0,17,17
183,07,0,0,0,32,32
183,08,0,2,0,39,41
183,09,0,0,0,26,26
183,10,0,0,0,25,25
183,11,0,0,0,14,14
183,12,1,1,0,23,25
184,00,0,0,0,1,1
184,01,0,0,0,0,0
184,02,0,0,0,1,1
184,03,0,0,0,0,0
184,04,0,0,0,2,2
184,05,0,0,0,1,1
184,06,0,0,0,4,4
184,07,0,0,0,4,4
184,08,0,0,0,2,2
184,09,0,0,0,2,2
184,10,0,0,0,5,5
184,11,0,0,0,2,2
184,12,0,0,0,7,7
185,00,0,0,0,46,46
185,01,0,0,0,19,19
185,02,0,0,0,12,12
185,03,0,0,0,9,9
185,04,0,0,0,12,12
185,05,0,1,0,33,34
185,06,0,2,0,46,48
185,07,1,1,0,70,72
185,08,0,3,0,88,91
185,09,0,4,0,84,88
185,10,0,3,0,64,67
185,11,0,5,0,69,74
185,12,0,3,0,53,56
186,00,210,0,0,173,383
186,01,231,0,0,121,352
186,02,104,0,0,87,191
186,03,68,0,0,25,93
186,04,81,0,0,28,109
186,05,146,0,0,46,192
186,06,676,1,0,99,776
186,07,616,1,0,111,728
186,08,625,0,0,145,770
186,09,544,0,0,186,730
186,10,477,0,0,167,644
186,11,535,0,0,160,695
186,12,447,0,0,160,607
187,00,0,0,0,3,3
187,01,0,0,0,7,7
187,02,0,0,0,2,2
187,03,0,0,0,2,2
187,04,0,0,0,2,2
187,05,0,0,0,4,4
187,06,0,0,0,4,4
187,07,0,0,0,17,17
187,08,0,0,0,15,15
187,09,0,0,0,13,13
187,10,0,0,0,8,8
187,11,0,0,0,12,12
187,12,0,0,0,10,10
188,00,1,1,0,152,154
188,01,1,0,0,70,71
188,02,1,0,0,62,63
188,03,0,0,0,56,56
188,04,1,0,0,55,56
188,05,1,1,0,88,90
188,06,2,2,0,136,140
188,07,3,12,0,227,242
188,08,0,9,0,241,250
188,09,6,7,0,221,234
188,10,2,12,0,165,179
188,11,2,8,0,155,165
188,12,2,9,0,179,190
189,00,8,2,0,111,121
189,01,6,1,0,53,60
189,02,0,1,0,34,35
189,03,3,1,0,19,23
189,04,2,1,0,23,26
189,05,1,0,0,33,34
189,06,3,1,0,48,52
189,07,1,4,0,72,77
189,08,1,2,0,90,93
189,09,3,4,0,90,97
189,10,1,4,0,91,96
189,11,2,5,0,77,84
189,12,1,3,0,67,71
190,00,2,0,0,13,15
190,01,0,0,0,6,6
190,02,0,0,0,7,7
190,03,0,0,0,4,4
190,04,0,0,0,4,4
190,05,0,0,0,6,6
190,06,1,0,0,10,11
190,07,2,0,0,14,16
190,08,0,0,0,19,19
190,09,1,2,0,19,22
190,10,0,0,0,20,20
190,11,1,0,0,21,22
190,12,0,3,0,19,22
191,00,0,0,0,18,18
191,01,0,0,0,13,13
191,02,0,0,0,9,9
191,03,0,0,0,13,13
191,04,1,0,0,21,22
191,05,0,0,0,24,24
191,06,0,0,0,45,45
191,07,2,1,0,91,94
191,08,1,0,0,100,101
191,09,1,2,0,83,86
191,10,1,1,0,70,72
191,11,0,2,0,64,66
191,12,0,2,0,56,58
192,00,0,0,0,13,13
192,01,1,0,0,7,8
192,02,0,0,0,8,8
192,03,0,0,0,5,5
192,04,0,0,0,4,4
192,05,0,0,0,14,14
192,06,0,0,0,11,11
192,07,0,1,0,47,48
192,08,0,0,0,54,54
192,09,1,2,0,43,46
192,10,0,1,0,45,46
192,11,0,4,0,31,35
192,12,0,3,0,27,30
193,00,3,1,0,15,19
193,01,1,0,0,14,15
193,02,0,1,0,3,4
193,03,2,0,0,4,6
193,04,3,0,0,13,16
193,05,9,1,0,16,26
193,06,10,2,0,28,40
193,07,14,4,0,32,50
193,08,10,9,0,55,74
193,09,7,6,0,29,42
193,10,2,3,0,36,41
193,11,3,6,0,30,39
193,12,4,2,0,28,34
194,00,1,0,0,0,1
194,01,0,0,0,0,0
194,02,1,0,0,1,2
194,03,0,0,0,1,1
194,04,0,0,0,0,0
194,05,0,0,0,0,0
194,06,0,0,0,0,0
194,07,1,0,0,1,2
194,08,0,0,0,0,0
194,09,0,0,0,1,1
194,10,0,0,0,3,3
194,11,0,0,0,4,4
194,12,0,0,0,5,5
195,00,1,0,0,20,21
195,01,3,0,0,10,13
195,02,0,0,0,5,5
195,03,0,0,0,6,6
195,04,1,0,0,10,11
195,05,0,0,0,11,11
195,06,0,0,0,22,22
195,07,2,0,0,42,44
195,08,1,1,0,55,57
195,09,1,2,0,61,64
195,10,0,2,0,64,66
195,11,0,0,0,46,46
195,12,1,0,0,54,55
196,00,0,3,0,33,36
196,01,2,1,0,29,32
196,02,0,0,0,12,12
196,03,0,0,0,9,9
196,04,0,1,0,11,12
196,05,0,0,0,17,17
196,06,1,0,0,41,42
196,07,0,7,0,62,69
196,08,2,6,0,64,72
196,09,3,5,0,61,69
196,10,1,15,0,38,54
196,11,1,14,0,55,70
196,12,1,15,0,59,75
197,00,0,0,0,41,41
197,01,0,0,0,19,19
197,02,0,1,0,20,21
197,03,0,0,0,35,35
197,04,1,0,0,32,33
197,05,0,1,0,46,47
197,06,1,1,0,70,72
197,07,1,1,0,131,133
197,08,0,1,0,141,142
197,09,1,3,0,111,115
197,10,0,1,0,103,104
197,11,0,2,0,89,91
197,12,1,2,0,72,75
198,00,0,1,0,100,101
198,01,1,0,0,76,77
198,02,0,0,0,39,39
198,03,0,0,0,31,31
198,04,1,0,0,41,42
198,05,0,0,0,64,64
198,06,0,2,0,108,110
198,07,2,0,0,172,174
198,08,0,0,0,180,180
198,09,0,2,0,143,145
198,10,0,1,0,130,131
198,11,0,0,0,113,113
198,12,0,1,0,106,107
199,00,0,0,0,0,0
199,01,0,0,0,0,0
199,02,0,0,0,0,0
199,03,0,0,0,0,0
199,04,0,0,0,0,0
199,05,0,0,0,0,0
199,06,0,0,0,0,0
199,07,0,0,0,0,0
199,08,0,0,0,0,0
199,09,0,0,0,0,0
199,10,0,0,0,0,0
199,11,0,0,0,0,0
199,12,0,0,0,0,0
200,00,0,0,0,18,18
200,01,0,0,0,8,8
200,02,0,0,0,9,9
200,03,0,0,0,4,4
200,04,0,0,0,4,4
200,05,1,0,0,12,13
200,06,0,0,0,31,31
200,07,0,3,0,59,62
200,08,0,2,0,77,79
200,09,1,0,0,42,43
200,10,0,5,0,38,43
200,11,0,1,0,43,44
200,12,0,0,0,37,37
201,00,0,0,0,1,1
201,01,0,0,0,1,1
201,02,0,0,0,0,0
201,03,0,0,0,5,5
201,04,0,0,0,2,2
201,05,0,0,0,2,2
201,06,0,0,0,7,7
201,07,0,0,0,6,6
201,08,0,0,0,11,11
201,09,0,0,0,3,3
201,10,0,1,0,6,7
201,11,0,0,0,8,8
201,12,0,0,0,8,8
202,00,1,0,0,9,10
202,01,0,0,0,1,1
202,02,2,0,0,5,7
202,03,1,0,0,6,7
202,04,0,0,0,10,10
202,05,0,0,0,8,8
202,06,0,0,0,19,19
202,07,0,0,0,13,13
202,08,0,0,0,9,9
202,09,2,0,0,14,16
202,10,0,0,0,12,12
202,11,0,0,0,11,11
202,12,1,0,0,11,12
203,00,0,0,0,14,14
203,01,0,1,0,12,13
203,02,1,0,0,10,11
203,03,0,0,0,13,13
203,04,0,0,0,15,15
203,05,0,1,0,16,17
203,06,1,1,0,34,36
203,07,1,0,0,60,61
203,08,0,0,0,61,61
203,09,1,0,0,43,44
203,10,0,3,0,29,32
203,11,0,0,0,38,38
203,12,0,1,0,27,28
204,00,0,0,0,1,1
204,01,0,0,0,2,2
204,02,0,0,0,1,1
204,03,0,0,0,1,1
204,04,0,0,0,1,1
204,05,0,0,0,1,1
204,06,0,0,0,5,5
204,07,0,0,0,4,4
204,08,0,0,0,5,5
204,09,0,0,0,3,3
204,10,0,0,0,4,4
204,11,0,0,0,3,3
204,12,0,0,0,7,7
205,00,0,0,0,43,43
205,01,0,0,0,28,28
205,02,0,0,0,27,27
205,03,0,0,0,28,28
205,04,0,0,0,33,33
205,05,3,1,0,36,40
205,06,0,1,0,80,81
205,07,0,6,0,108,114
205,08,0,6,0,127,133
205,09,1,2,0,102,105
205,10,1,6,0,89,96
205,11,2,3,0,89,94
205,12,0,1,0,84,85
206,00,0,0,0,21,21
206,01,0,0,0,16,16
206,02,0,0,0,10,10
206,03,0,1,0,9,10
206,04,0,0,0,13,13
206,05,0,0,0,12,12
206,06,0,0,0,27,27
206,07,0,0,0,46,46
206,08,0,0,0,65,65
206,09,0,0,0,66,66
206,10,0,0,0,41,41
206,11,0,0,0,31,31
206,12,0,0,0,46,46
207,00,0,0,0,0,0
207,01,0,0,0,0,0
207,02,0,0,0,1,1
207,03,0,0,0,0,0
207,04,0,0,0,0,0
207,05,0,0,0,0,0
207,06,0,0,0,0,0
207,07,0,0,0,0,0
207,08,0,0,0,0,0
207,09,0,0,0,0,0
207,10,0,0,0,2,2
207,11,0,0,0,0,0
207,12,1,0,0,0,1
208,00,0,0,0,37,37
208,01,0,0,0,27,27
208,02,1,0,0,23,24
208,03,0,0,0,16,16
208,04,0,0,0,16,16
208,05,0,0,0,33,33
208,06,0,1,0,70,71
208,07,0,4,0,87,91
208,08,1,4,0,93,98
208,09,0,1,0,78,79
208,10,0,4,0,63,67
208,11,0,4,0,56,60
208,12,2,0,0,66,68
209,00,27,0,0,80,107
209,01,18,0,0,37,55
209,02,4,0,0,19,23
209,03,5,0,0,16,21
209,04,2,0,0,18,20
209,05,8,0,0,23,31
209,06,5,0,0,31,36
209,07,15,0,0,46,61
209,08,34,0,0,55,89
209,09,25,0,0,72,97
209,10,30,0,0,62,92
209,11,22,0,0,45,67
209,12,26,0,0,55,81
210,00,0,3,0,38,41
210,01,0,2,0,25,27
210,02,0,1,0,16,17
210,03,0,0,0,10,10
210,04,0,0,0,13,13
210,05,0,1,0,24,25
210,06,1,7,0,44,52
210,07,1,6,0,115,122
210,08,1,4,0,128,133
210,09,1,11,0,106,118
210,10,0,6,0,81,87
210,11,0,5,0,85,90
210,12,1,5,0,70,76
211,00,131,0,0,160,291
211,01,71,0,0,116,187
211,02,43,0,0,48,91
211,03,10,0,0,26,36
211,04,9,0,0,41,50
211,05,8,0,0,37,45
211,06,22,0,0,50,72
211,07,43,0,0,106,149
211,08,74,0,0,142,216
211,09,80,0,0,169,249
211,10,73,0,0,117,190
211,11,93,0,0,153,246
211,12,101,0,0,156,257
212,00,1,2,0,36,39
212,01,0,2,0,20,22
212,02,0,0,0,17,17
212,03,0,1,0,12,13
212,04,0,0,0,6,6
212,05,0,3,0,18,21
212,06,0,1,0,30,31
212,07,0,2,0,66,68
212,08,0,4,0,80,84
212,09,1,5,0,68,74
212,10,0,3,0,54,57
212,11,0,1,0,37,38
212,12,0,0,0,44,44
213,00,0,0,0,44,44
213,01,0,0,0,31,31
213,02,0,1,0,21,22
213,03,0,0,0,21,21
213,04,0,0,0,32,32
213,05,0,2,0,47,49
213,06,0,5,0,90,95
213,07,0,3,0,134,137
213,08,0,9,0,165,174
213,09,3,5,0,125,133
213,10,1,5,0,100,106
213,11,0,5,0,72,77
213,12,0,4,0,93,97
214,00,0,0,0,10,10
214,01,0,0,0,3,3
214,02,0,0,0,2,2
214,03,0,0,0,2,2
214,04,0,0,0,3,3
214,05,0,0,0,7,7
214,06,0,0,0,11,11
214,07,0,0,0,12,12
214,08,0,0,0,13,13
214,09,0,0,0,17,17
214,10,1,0,0,15,16
214,11,0,0,0,15,15
214,12,0,0,0,16,16
215,00,1,0,0,36,37
215,01,1,0,0,18,19
215,02,0,0,0,18,18
215,03,0,0,0,15,15
215,04,0,0,0,20,20
215,05,0,2,0,39,41
215,06,2,2,0,51,55
215,07,1,2,0,107,110
215,08,0,1,0,110,111
215,09,1,2,0,99,102
215,10,2,3,0,59,64
215,11,1,1,0,52,54
215,12,1,3,0,47,51
216,00,0,1,0,67,68
216,01,0,0,0,50,50
216,02,1,0,0,36,37
216,03,0,0,0,45,45
216,04,2,0,0,47,49
216,05,3,0,0,64,67
216,06,2,0,0,100,102
216,07,1,1,0,180,182
216,08,6,3,0,190,199
216,09,1,2,0,154,157
216,10,0,1,0,120,121
216,11,1,1,0,109,111
216,12,2,1,0,88,91
217,00,2,1,0,22,25
217,01,2,0,0,19,21
217,02,1,0,0,18,19
217,03,1,0,0,16,17
217,04,0,0,0,10,10
217,05,0,0,0,10,10
217,06,0,0,0,9,9
217,07,0,1,0,16,17
217,08,0,1,0,22,23
217,09,2,0,0,46,48
217,10,0,0,0,42,42
217,11,1,0,0,37,38
217,12,1,0,0,36,37
218,00,0,1,0,15,16
218,01,0,0,0,11,11
218,02,0,0,0,7,7
218,03,0,0,0,12,12
218,04,0,1,0,14,15
218,05,1,1,0,38,40
218,06,1,1,0,53,55
218,07,2,0,0,77,79
218,08,0,2,0,70,72
218,09,1,2,0,58,61
218,10,0,3,0,44,47
218,11,0,1,0,43,44
218,12,2,1,0,52,55
219,00,1,0,0,19,20
219,01,0,0,0,14,14
219,02,0,0,0,18,18
219,03,0,0,0,10,10
219,04,1,0,0,18,19
219,05,2,0,0,29,31
219,06,1,1,0,39,41
219,07,0,1,0,61,62
219,08,2,1,0,76,79
219,09,3,0,0,43,46
219,10,3,2,0,28,33
219,11,0,0,0,42,42
219,12,1,0,0,33,34
220,00,0,0,0,54,54
220,01,0,0,0,48,48
220,02,0,0,0,24,24
220,03,0,0,0,14,14
220,04,0,0,0,18,18
220,05,0,0,0,26,26
220,06,0,0,0,41,41
220,07,0,1,0,79,80
220,08,4,2,0,130,136
220,09,0,3,0,85,88
220,10,0,3,0,65,68
220,11,0,4,0,64,68
220,12,1,2,0,77,80
221,00,0,0,0,15,15
221,01,0,0,0,5,5
221,02,0,0,0,10,10
221,03,0,0,0,3,3
221,04,0,0,0,8,8
221,05,0,0,0,11,11
221,06,0,0,0,21,21
221,07,0,0,0,35,35
221,08,0,0,0,49,49
221,09,0,0,0,37,37
221,10,0,0,0,31,31
221,11,0,0,0,23,23
221,12,0,0,0,21,21
222,00,0,0,0,7,7
222,01,0,0,0,3,3
222,02,0,0,0,3,3
222,03,0,0,0,4,4
222,04,0,0,0,7,7
222,05,0,1,0,15,16
222,06,0,1,0,34,35
222,07,0,3,0,44,47
222,08,0,1,0,82,83
222,09,0,5,0,43,48
222,10,1,2,0,43,46
222,11,1,4,0,31,36
222,12,1,2,0,21,24
223,00,5,16,0,90,111
223,01,5,11,0,60,76
223,02,3,4,0,45,52
223,03,3,3,0,23,29
223,04,2,4,0,41,47
223,05,7,5,0,78,90
223,06,17,7,0,116,140
223,07,21,10,0,180,211
223,08,7,32,0,200,239
223,09,7,29,0,131,167
223,10,10,18,0,112,140
223,11,3,22,0,85,110
223,12,7,29,0,94,130
224,00,9,0,0,30,39
224,01,5,0,0,25,30
224,02,4,0,0,8,12
224,03,2,0,0,14,16
224,04,4,0,0,13,17
224,05,14,0,0,31,45
224,06,59,0,0,81,140
224,07,72,0,0,161,233
224,08,23,0,0,199,222
224,09,31,0,0,181,212
224,10,50,0,0,116,166
224,11,37,0,0,89,126
224,12,37,0,0,68,105
225,00,2,10,0,192,204
225,01,2,5,0,118,125
225,02,5,0,0,67,72
225,03,2,2,0,69,73
225,04,0,0,0,82,82
225,05,2,1,0,124,127
225,06,1,8,0,195,204
225,07,0,4,0,271,275
225,08,2,7,0,279,288
225,09,1,7,0,277,285
225,10,2,9,0,216,227
225,11,1,5,0,205,211
225,12,1,8,0,178,187
226,00,9,7,0,69,85
226,01,8,1,0,59,68
226,02,11,2,0,39,52
226,03,10,3,0,58,71
226,04,19,1,0,62,82
226,05,23,1,0,70,94
226,06,43,2,0,98,143
226,07,53,4,0,138,195
226,08,44,14,0,186,244
226,09,19,17,0,152,188
226,10,24,17,0,181,222
226,11,21,16,0,139,176
226,12,12,16,0,151,179
227,00,0,0,0,29,29
227,01,0,0,0,39,39
227,02,0,0,0,15,15
227,03,0,0,0,20,20
227,04,0,0,0,9,9
227,05,0,0,0,24,24
227,06,0,1,0,31,32
227,07,1,4,0,61,66
227,08,1,1,0,73,75
227,09,2,0,0,57,59
227,10,0,3,0,46,49
227,11,1,0,0,59,60
227,12,0,1,0,48,49
228,00,0,3,0,70,73
228,01,0,2,0,50,52
228,02,0,0,0,30,30
228,03,1,0,0,27,28
228,04,0,0,0,27,27
228,05,1,1,0,32,34
228,06,0,0,0,43,43
228,07,0,0,0,82,82
228,08,1,5,0,119,125
228,09,3,4,0,87,94
228,10,2,6,0,87,95
228,11,1,5,0,105,111
228,12,1,5,0,86,92
229,00,148,0,0,180,328
229,01,82,0,0,108,190
229,02,54,0,0,48,102
229,03,46,0,0,57,103
229,04,38,0,0,61,99
229,05,67,0,0,80,147
229,06,146,0,0,141,287
229,07,370,0,0,261,631
229,08,411,0,0,343,754
229,09,350,0,0,248,598
229,10,270,0,0,216,486
229,11,258,0,0,209,467
229,12,290,0,0,192,482
230,00,479,1,0,396,876
230,01,262,0,0,212,474
230,02,160,0,0,125,285
230,03,139,0,0,95,234
230,04,131,0,0,107,238
230,05,83,0,0,69,152
230,06,140,0,0,96,236
230,07,271,0,0,154,425
230,08,358,0,0,174,532
230,09,405,0,0,197,602
230,10,402,0,0,240,642
230,11,482,0,0,265,747
230,12,408,0,0,212,620
231,00,211,0,0,328,539
231,01,129,0,0,175,304
231,02,87,0,0,107,194
231,03,68,0,0,66,134
231,04,65,0,0,84,149
231,05,57,0,0,89,146
231,06,124,1,0,155,280
231,07,260,0,0,278,538
231,08,289,0,0,357,646
231,09,272,0,0,323,595
231,10,233,0,0,271,504
231,11,232,0,0,293,525
231,12,228,0,0,327,555
232,00,34,0,0,127,161
232,01,25,0,0,55,80
232,02,13,0,0,34,47
232,03,8,0,0,23,31
232,04,13,0,0,40,53
232,05,6,0,0,50,56
232,06,12,0,0,83,95
232,07,13,0,0,183,196
232,08,28,0,0,217,245
232,09,20,0,0,247,267
232,10,12,0,0,145,157
232,11,16,0,0,124,140
232,12,15,0,0,106,121
233,00,98,0,0,104,202
233,01,45,0,0,62,107
233,02,32,1,0,36,69
233,03,18,0,0,34,52
233,04,30,0,0,44,74
233,05,49,0,0,63,112
233,06,115,0,0,112,227
233,07,207,0,0,236,443
233,08,248,0,0,296,544
233,09,234,0,0,247,481
233,10,186,0,0,188,374
233,11,181,0,0,165,346
233,12,239,0,0,203,442
234,00,358,0,0,366,724
234,01,180,0,0,210,390
234,02,101,0,0,113,214
234,03,52,0,0,64,116
234,04,35,0,0,58,93
234,05,60,0,0,84,144
234,06,164,0,0,135,299
234,07,290,0,0,236,526
234,08,398,0,0,298,696
234,09,384,0,0,295,679
234,10,399,0,0,288,687
234,11,482,0,0,349,831
234,12,442,0,0,350,792
235,00,0,1,0,55,56
235,01,1,1,0,46,48
235,02,1,0,0,32,33
235,03,0,0,0,34,34
235,04,0,0,0,29,29
235,05,0,1,0,52,53
235,06,1,4,0,70,75
235,07,1,4,0,166,171
235,08,1,10,0,174,185
235,09,0,2,0,121,123
235,10,1,5,0,103,109
235,11,0,1,0,95,96
235,12,0,2,0,86,88
236,00,92,1,0,70,163
236,01,32,0,0,29,61
236,02,14,0,0,15,29
236,03,4,0,0,16,20
236,04,24,1,0,27,52
236,05,85,0,0,47,132
236,06,330,3,0,108,441
236,07,871,4,0,349,1224
236,08,938,4,0,422,1364
236,09,828,2,0,283,1113
236,10,752,3,0,264,1019
236,11,828,3,0,262,1093
236,12,818,8,0,254,1080
237,00,171,0,0,130,301
237,01,70,0,0,74,144
237,02,29,0,0,28,57
237,03,32,0,0,26,58
237,04,28,0,0,22,50
237,05,72,0,0,38,110
237,06,236,0,0,81,317
237,07,725,0,0,241,966
237,08,830,0,0,338,1168
237,09,859,0,0,308,1167
237,10,750,0,0,269,1019
237,11,890,0,0,298,1188
237,12,876,0,0,321,1197
238,00,74,0,0,92,166
238,01,43,0,0,55,98
238,02,22,0,0,27,49
238,03,16,0,0,26,42
238,04,26,0,0,28,54
238,05,81,0,0,62,143
238,06,188,0,0,142,330
238,07,429,0,0,342,771
238,08,575,0,0,375,950
238,09,432,0,0,324,756
238,10,380,0,0,226,606
238,11,366,0,0,167,533
238,12,375,0,0,181,556
239,00,115,0,0,162,277
239,01,100,1,0,91,192
239,02,49,0,0,45,94
239,03,41,0,0,52,93
239,04,26,0,0,41,67
239,05,78,0,0,68,146
239,06,167,0,0,127,294
239,07,408,0,0,321,729
239,08,511,0,0,369,880
239,09,480,0,0,280,760
239,10,446,0,0,190,636
239,11,460,0,0,207,667
239,12,472,0,0,152,624
240,00,0,0,0,28,28
240,01,0,0,0,9,9
240,02,0,0,0,7,7
240,03,0,0,0,11,11
240,04,0,0,0,3,3
240,05,0,1,0,2,3
240,06,0,0,0,10,10
240,07,0,0,0,26,26
240,08,0,0,0,31,31
240,09,0,0,0,18,18
240,10,0,1,0,8,9
240,11,1,1,0,19,21
240,12,0,0,0,11,11
241,00,0,0,0,59,59
241,01,0,0,0,40,40
241,02,0,0,0,16,16
241,03,0,0,0,23,23
241,04,0,0,0,21,21
241,05,0,0,0,39,39
241,06,1,1,0,58,60
241,07,0,4,0,138,142
241,08,0,2,0,154,156
241,09,0,6,0,117,123
241,10,0,3,0,87,90
241,11,0,0,0,81,81
241,12,0,2,0,83,85
242,00,0,2,0,41,43
242,01,0,0,0,28,28
242,02,0,0,0,22,22
242,03,0,1,0,6,7
242,04,0,0,0,15,15
242,05,0,0,0,25,25
242,06,1,1,0,53,55
242,07,0,2,0,74,76
242,08,0,3,0,119,122
242,09,0,4,0,89,93
242,10,1,7,0,100,108
242,11,2,9,0,85,96
242,12,1,11,0,85,97
243,00,4,2,0,222,228
243,01,2,1,0,89,92
243,02,1,2,0,67,70
243,03,2,1,0,59,62
243,04,1,1,0,48,50
243,05,1,6,0,59,66
243,06,1,3,0,99,103
243,07,1,13,0,170,184
243,08,4,9,0,183,196
243,09,1,9,0,160,170
243,10,2,9,0,129,140
243,11,1,9,0,129,139
243,12,1,11,0,126,138
244,00,19,10,0,152,181
244,01,5,8,0,80,93
244,02,4,3,0,47,54
244,03,1,2,0,46,49
244,04,1,7,0,40,48
244,05,4,8,0,112,124
244,06,25,15,0,141,181
244,07,39,21,0,203,263
244,08,34,46,0,245,325
244,09,21,36,0,214,271
244,10,17,38,0,196,251
244,11,17,33,0,186,236
244,12,11,38,0,177,226
245,00,0,0,0,23,23
245,01,1,0,0,20,21
245,02,0,0,0,22,22
245,03,0,0,0,5,5
245,04,0,0,0,4,4
245,05,0,0,0,4,4
245,06,0,0,0,10,10
245,07,0,0,0,14,14
245,08,0,0,0,23,23
245,09,0,0,0,16,16
245,10,0,0,0,18,18
245,11,0,0,0,16,16
245,12,0,0,0,12,12
246,00,101,0,0,207,308
246,01,85,0,0,114,199
246,02,48,0,0,52,100
246,03,40,0,0,35,75
246,04,22,0,0,73,95
246,05,32,0,0,79,111
246,06,73,0,0,131,204
246,07,139,0,0,224,363
246,08,230,0,0,339,569
246,09,172,0,0,358,530
246,10,201,0,0,240,441
246,11,184,0,0,263,447
246,12,137,0,0,269,406
247,00,7,30,0,428,465
247,01,1,9,0,148,158
247,02,0,1,0,45,46
247,03,1,3,0,18,22
247,04,1,0,0,19,20
247,05,1,1,0,34,36
247,06,3,1,0,53,57
247,07,5,5,0,94,104
247,08,4,6,0,115,125
247,09,1,4,0,103,108
247,10,1,3,0,84,88
247,11,1,4,0,95,100
247,12,2,9,0,106,117
248,00,0,0,0,28,28
248,01,0,0,0,20,20
248,02,0,0,0,14,14
248,03,0,1,0,11,12
248,04,0,0,0,9,9
248,05,0,2,0,26,28
248,06,0,0,0,47,47
248,07,0,2,0,64,66
248,08,1,4,0,79,84
248,09,0,3,0,81,84
248,10,0,1,0,56,57
248,11,0,0,0,47,47
248,12,0,0,0,44,44
249,00,380,0,0,360,740
249,01,250,0,0,250,500
249,02,177,0,0,159,336
249,03,130,0,0,119,249
249,04,59,0,0,87,146
249,05,53,0,0,96,149
249,06,127,0,0,150,277
249,07,214,0,0,229,443
249,08,233,0,0,268,501
249,09,254,0,0,286,540
249,10,227,0,0,221,448
249,11,199,0,0,189,388
249,12,181,0,0,144,325
250,00,0,0,0,26,26
250,01,1,1,0,14,16
250,02,1,0,0,7,8
250,03,0,0,0,12,12
250,04,0,1,0,10,11
250,05,0,0,0,13,13
250,06,0,0,0,41,41
250,07,0,1,0,58,59
250,08,1,2,0,90,93
250,09,0,4,0,49,53
250,10,1,3,0,55,59
250,11,0,2,0,34,36
250,12,0,4,0,51,55
251,00,0,0,0,4,4
251,01,0,0,0,6,6
251,02,0,0,0,0,0
251,03,0,0,0,4,4
251,04,0,0,0,2,2
251,05,0,0,0,9,9
251,06,0,0,0,3,3
251,07,0,0,0,7,7
251,08,0,0,0,17,17
251,09,0,0,0,10,10
251,10,0,0,0,19,19
251,11,0,0,0,10,10
251,12,0,0,0,8,8
252,00,0,0,0,13,13
252,01,0,0,0,14,14
252,02,1,0,0,9,10
252,03,0,0,0,9,9
252,04,0,0,0,8,8
252,05,0,0,0,18,18
252,06,0,0,0,22,22
252,07,1,1,0,34,36
252,08,0,0,0,36,36
252,09,0,0,0,34,34
252,10,0,1,0,39,40
252,11,0,0,0,36,36
252,12,1,0,0,29,30
253,00,0,0,0,2,2
253,01,0,0,0,0,0
253,02,0,1,0,0,1
253,03,0,0,0,0,0
253,04,0,0,0,1,1
253,05,0,0,0,0,0
253,06,0,0,0,0,0
253,07,0,0,0,0,0
253,08,0,0,0,1,1
253,09,0,2,0,1,3
253,10,0,0,0,2,2
253,11,0,0,0,2,2
253,12,0,0,0,1,1
254,00,0,1,0,68,69
254,01,0,0,0,30,30
254,02,1,0,0,18,19
254,03,0,0,0,17,17
254,04,0,0,0,25,25
254,05,0,0,0,55,55
254,06,0,1,0,86,87
254,07,2,6,0,110,118
254,08,0,4,0,182,186
254,09,0,10,0,133,143
254,10,0,5,0,119,124
254,11,2,7,0,97,106
254,12,0,1,0,92,93
255,00,30,66,0,390,486
255,01,17,56,0,210,283
255,02,10,43,0,127,180
255,03,12,23,0,77,112
255,04,6,16,0,79,101
255,05,2,1,0,83,86
255,06,2,3,0,105,110
255,07,0,1,0,196,197
255,08,0,5,0,239,244
255,09,4,2,0,221,227
255,10,2,3,0,209,214
255,11,2,8,0,155,165
255,12,5,3,0,161,169
256,00,37,30,0,280,347
256,01,23,28,0,206,257
256,02,16,18,0,167,201
256,03,8,15,0,99,122
256,04,10,5,0,79,94
256,05,4,1,0,75,80
256,06,0,0,0,93,93
256,07,2,1,0,150,153
256,08,2,1,0,193,196
256,09,1,5,0,197,203
256,10,7,2,0,165,174
256,11,2,2,0,144,148
256,12,0,2,0,117,119
257,00,1,0,0,21,22
257,01,0,0,0,11,11
257,02,0,0,0,8,8
257,03,0,0,0,2,2
257,04,0,1,0,12,13
257,05,2,0,0,15,17
257,06,0,0,0,29,29
257,07,0,0,0,52,52
257,08,0,1,0,71,72
257,09,0,1,0,51,52
257,10,0,0,0,45,45
257,11,0,1,0,32,33
257,12,1,1,0,41,43
258,00,0,0,0,30,30
258,01,0,0,0,17,17
258,02,0,0,0,15,15
258,03,0,0,0,11,11
258,04,0,0,0,16,16
258,05,0,0,0,38,38
258,06,1,1,0,86,88
258,07,2,1,0,92,95
258,08,1,3,0,133,137
258,09,1,1,0,95,97
258,10,0,0,0,65,65
258,11,0,0,0,59,59
258,12,0,1,0,62,63
259,00,0,0,0,27,27
259,01,0,0,0,27,27
259,02,0,0,0,7,7
259,03,0,0,0,15,15
259,04,0,0,0,16,16
259,05,2,0,0,37,39
259,06,0,0,0,65,65
259,07,0,2,0,72,74
259,08,0,3,0,95,98
259,09,0,1,0,84,85
259,10,0,2,0,78,80
259,11,0,0,0,54,54
259,12,1,0,0,51,52
260,00,3,17,0,67,87
260,01,8,18,0,50,76
260,02,5,13,0,27,45
260,03,3,6,0,18,27
260,04,3,6,0,38,47
260,05,9,5,0,38,52
260,06,24,11,0,68,103
260,07,21,11,0,99,131
260,08,6,26,0,92,124
260,09,7,23,0,84,114
260,10,6,12,0,90,108
260,11,2,23,0,69,94
260,12,2,20,0,86,108
261,00,42,0,0,94,136
261,01,21,0,0,44,65
261,02,13,0,0,28,41
261,03,3,0,0,25,28
261,04,14,0,0,28,42
261,05,13,0,0,33,46
261,06,29,0,0,43,72
261,07,42,0,0,76,118
261,08,56,1,0,76,133
261,09,73,0,0,99,172
261,10,52,0,0,57,109
261,11,72,0,0,51,123
261,12,91,0,0,76,167
262,00,24,0,0,35,59
262,01,15,0,0,25,40
262,02,8,0,0,9,17
262,03,10,0,0,13,23
262,04,19,0,0,32,51
262,05,48,0,0,49,97
262,06,196,0,0,154,350
262,07,370,0,0,349,719
262,08,379,0,0,420,799
262,09,341,0,0,282,623
262,10,265,0,0,160,425
262,11,220,0,0,138,358
262,12,219,0,0,136,355
263,00,95,0,0,106,201
263,01,75,0,0,63,138
263,02,56,0,0,39,95
263,03,44,0,0,30,74
263,04,50,0,0,50,100
263,05,84,0,0,67,151
263,06,225,1,0,174,400
263,07,388,2,0,318,708
263,08,472,5,0,336,813
263,09,384,2,0,255,641
263,10,289,1,0,165,455
263,11,272,1,0,124,397
263,12,269,0,0,120,389
